Rk No,Daśati/Sukta,Ārcika,Adhyāya,Khaṇḍa,Prapāṭhaka,Ardha,S No,R̥k Text,R̥ṣi,Chandas,Dēvata,Padapāṭha
1,1,Pūrvārcika-Āg,1.0,1,1.0,1.0,1.1.1.1.0,अ꣢ग्न꣣ आ꣡ या꣢हि वी꣣त꣡ये꣢ गृणा꣣नो꣢ ह꣣व्य꣡दा꣢तये। नि꣡ होता꣢꣯ सत्सि ब꣣र्हि꣡षि꣢ ॥,Bhāradvājō-Bārhaspatya,Gāyatri,Agni,अ꣡ग्ने꣢꣯। आ। या꣣हि। वीत꣡ये꣢। गृ꣣णानः꣢। ह꣣व्य꣡दा꣢तये। ह꣣व्य꣢। दा꣣तये। नि꣢। हो꣡ता꣢꣯। स꣣त्सि। बर्हि꣡षि꣢। १।
2,1,Pūrvārcika-Āg,1.0,1,1.0,1.0,1.1.1.2.0,त्व꣡म꣢ग्ने य꣣ज्ञा꣢ना꣣ꣳ हो꣢ता꣣ वि꣡ श्वे꣢षाꣳ हि꣣तः꣢। दे꣣वे꣢भि꣣र्मा꣡नु꣢षे꣣ ज꣡ने꣢ ॥,Bhāradvājō-Bārhaspatya,Gāyatri,Agni,त्व꣢म्। अ꣣ग्ने। यज्ञा꣡ना꣢म्। हो꣡ता꣢꣯। वि꣡श्वे꣢꣯षाम्। हि꣣तः꣢। दे꣣वे꣡भिः꣢। मा꣡नु꣢꣯षे। ज꣡ने꣢꣯। २।
3,1,Pūrvārcika-Āg,1.0,1,1.0,1.0,1.1.1.3.0,अ꣣ग्निं꣢ दू꣣तं꣡ वृ꣢णीमहे꣣ हो꣡ता꣢रं वि꣣श्व꣡वे꣢दसम्। अ꣣स्य꣢ य꣣ज्ञ꣡स्य꣢ सु꣣क्र꣡तु꣢म् ॥,Mēdhātithiḥ-Kāṇvaḥ,Gāyatri,Agni,अ꣣ग्नि꣢म्। दू꣣त꣢म्। वृ꣣णीमहे। हो꣡ता꣢꣯रम्। वि꣣श्व꣡वे꣢दसम्। वि꣣श्व꣢। वे꣣दसम्। अस्य꣢। य꣣ज्ञ꣡स्य꣢। सु꣣क्र꣡तु꣢म्। सु꣣। क्र꣡तु꣢꣯म्। ३।
4,1,Pūrvārcika-Āg,1.0,1,1.0,1.0,1.1.1.4.0,अ꣣ग्नि꣢र्वृ꣣त्रा꣡णि꣢ जङ्घनद् द्रविण꣣स्यु꣡र्वि꣢प꣣न्य꣡या꣢। स꣡मि꣢द्धः शु꣣क्र꣡ आहु꣢꣯तः ॥,Bhāradvājō-Bārhaspatya,Gāyatri,Agni,अ꣣ग्निः꣢। वृ꣣त्रा꣡णि꣢। ज꣣ङ्घनत्। द्रविणस्युः꣢। वि꣣पन्य꣡या꣢। स꣡मि꣢꣯द्धः। सम्। इ꣣द्धः। शुक्रः꣢। आ꣡हु꣢꣯तः। आ। हु꣣तः। ४।
5,1,Pūrvārcika-Āg,1.0,1,1.0,1.0,1.1.1.5.0,प्रे꣡ष्ठं꣢ वो꣣ अ꣡ति꣢थिꣳ स्तु꣣षे꣢ मि꣣त्र꣡मि꣢व प्रि꣣य꣢म्। अ꣢ग्ने꣣ र꣢थं꣣ न꣡ वेद्य꣢꣯म् ॥,Uśanāḥ,Gāyatri,Agni,प्रे꣡ष्ठ꣢꣯म्। वः꣣। अ꣡ति꣢꣯थिम्। स्तु꣣षे꣢। मि꣣त्र꣢म्। मि꣣। त्र꣢म्। इ꣣व। प्रिय꣢म्। अ꣡ग्ने꣢꣯। र꣡थ꣢꣯म्। न। वे꣡द्य꣢꣯म्। ५।
6,1,Pūrvārcika-Āg,1.0,1,1.0,1.0,1.1.1.6.0,त्वं꣡ नो꣢ अग्ने꣣ म꣡हो꣢भिः पा꣣हि꣢ विश्व꣢꣯स्या꣣ अ꣡रा꣢तेः। उ꣣त꣢ द्वि꣣षो꣡ मर्त्य꣢꣯स्य ॥,Sudītipurumīḍau,Gāyatri,Agni,त्व꣢म्। नः꣢। अग्ने। म꣡हो꣢꣯भिः। पा꣣हि꣢। वि꣡श्व꣢꣯स्य। अ꣡रा꣢꣯तेः। अ। रा꣣तेः। उत꣢। द्वि꣣षः꣢। म꣡र्त्य꣢꣯स्य। ६।
7,1,Pūrvārcika-Āg,1.0,1,1.0,1.0,1.1.1.7.0,ए꣢ह्यू꣣ षु꣡ ब्रवा꣢꣯णि꣣ ते꣡ऽग्न꣢ इ꣣त्थे꣡त꣢रा꣣ गि꣡रः꣢। ए꣣भि꣡र्व꣢र्धास꣣ इ꣡न्दु꣢भिः ॥,Bhāradvājō-Bārhaspatya,Gāyatri,Agni,आ꣢। इ꣣हि। उ। सु꣢। ब्र꣡वा꣢꣯णि। ते꣣। अ꣡ग्ने꣢꣯। इ꣣त्था꣢। इ꣡त꣢꣯राः। गि꣡रः꣢꣯। ए꣣भिः꣢। व꣣र्धासे। इ꣡न्दु꣢꣯भिः। ७।
8,1,Pūrvārcika-Āg,1.0,1,1.0,1.0,1.1.1.8.0,आ꣡ ते꣢ व꣣त्सो꣡ मनो꣢꣯ यमत्पर꣣मा꣡च्चि꣢त्स꣣ध꣡स्था꣢त्। अ꣢ग्ने꣣ त्वां꣡ का꣢मये गि꣣रा꣢ ॥,Vatsaḥ Kāṇvaḥ,Gāyatri,Agni,आ꣢। ते꣣। वत्सः꣢। म꣡नः꣢꣯। य꣣मत्। परमा꣢त्। चि꣣त्। सध꣡स्था꣢त्। स꣣ध꣢। स्था꣣त्। अ꣡ग्ने꣢꣯। त्वाम्। का꣣मये। गिरा꣢। ८।
9,1,Pūrvārcika-Āg,1.0,1,1.0,1.0,1.1.1.9.0,त्वा꣡म꣢ग्ने꣣ पु꣡ष्क꣢रा꣣द꣡ध्यथ꣢꣯र्वा꣣ नि꣡र꣢मन्थत। मू꣣र्ध्नो꣡ विश्व꣢꣯स्य वा꣣घ꣡तः꣢ ॥,Bhāradvājō-Bārhaspatya,Gāyatri,Agni,त्वा꣢म्। अ꣣ग्ने। पु꣡ष्क꣢꣯रात्। अ꣡धि꣢꣯। अ꣡थ꣢꣯र्वा। निः। अ꣣मन्थत। मूर्ध्नः꣢। वि꣡श्व꣢꣯स्य। वा꣣घ꣡तः꣢। ९।
10,1,Pūrvārcika-Āg,1.0,1,1.0,1.0,1.1.1.10.0,अ꣢ग्ने꣣ वि꣡व꣢स्व꣣दा꣡ भ꣢रा꣣स्म꣡भ्य꣢मू꣣त꣡ये꣢ म꣣हे꣢। दे꣣वो꣡ ह्यसि꣢꣯ नो दृ꣣शे꣢ ॥,Vāmadēvaḥ,Gāyatri,Agni,अ꣡ग्ने꣢꣯। वि꣡व꣢꣯स्वत्। वि। व꣣स्वत्। आ꣢। भ꣣र। अस्म꣡भ्य꣢म्। ऊ꣣त꣡ये꣢। म꣣हे꣢। दे꣣वः꣢। हि। अ꣡सि꣢꣯। नः꣢। दृशे꣢। १०।
11,2,Pūrvārcika-Āg,1.0,2,1.0,1.0,1.1.2.11.0,,,,,
12,2,Pūrvārcika-Āg,1.0,2,1.0,1.0,1.1.2.12.0,,,,,
13,2,Pūrvārcika-Āg,1.0,2,1.0,1.0,1.1.2.13.0,,,,,
14,2,Pūrvārcika-Āg,1.0,2,1.0,1.0,,,,,,
15,2,Pūrvārcika-Āg,1.0,2,1.0,1.0,,,,,,
16,2,Pūrvārcika-Āg,1.0,2,1.0,1.0,,,,,,
17,2,Pūrvārcika-Āg,1.0,2,1.0,1.0,,,,,,
18,2,Pūrvārcika-Āg,1.0,2,1.0,1.0,,,,,,
19,2,Pūrvārcika-Āg,1.0,2,1.0,1.0,,,,,,
20,2,Pūrvārcika-Āg,1.0,2,1.0,1.0,,,,,,
21,3,Pūrvārcika-Āg,1.0,3,1.0,1.0,,,,,,
22,3,Pūrvārcika-Āg,1.0,3,1.0,1.0,,,,,,
23,3,Pūrvārcika-Āg,1.0,3,1.0,1.0,,,,,,
24,3,Pūrvārcika-Āg,1.0,3,1.0,1.0,,,,,,
25,3,Pūrvārcika-Āg,1.0,3,1.0,1.0,,,,,,
26,3,Pūrvārcika-Āg,1.0,3,1.0,1.0,,,,,,
27,3,Pūrvārcika-Āg,1.0,3,1.0,1.0,,,,,,
28,3,Pūrvārcika-Āg,1.0,3,1.0,1.0,,,,,,
29,3,Pūrvārcika-Āg,1.0,3,1.0,1.0,,,,,,
30,3,Pūrvārcika-Āg,1.0,3,1.0,1.0,,,,,,
31,3,Pūrvārcika-Āg,1.0,3,1.0,1.0,,,,,,
32,3,Pūrvārcika-Āg,1.0,3,1.0,1.0,,,,,,
33,3,Pūrvārcika-Āg,1.0,3,1.0,1.0,,,,,,
34,3,Pūrvārcika-Āg,1.0,3,1.0,1.0,,,,,,
35,4,Pūrvārcika-Āg,1.0,4,1.0,1.0,,,,,,
36,4,Pūrvārcika-Āg,1.0,4,1.0,1.0,,,,,,
37,4,Pūrvārcika-Āg,1.0,4,1.0,1.0,,,,,,
38,4,Pūrvārcika-Āg,1.0,4,1.0,1.0,,,,,,
39,4,Pūrvārcika-Āg,1.0,4,1.0,1.0,,,,,,
40,4,Pūrvārcika-Āg,1.0,4,1.0,1.0,,,,,,
41,4,Pūrvārcika-Āg,1.0,4,1.0,1.0,,,,,,
42,4,Pūrvārcika-Āg,1.0,4,1.0,1.0,,,,,,
43,4,Pūrvārcika-Āg,1.0,4,1.0,1.0,,,,,,
44,4,Pūrvārcika-Āg,1.0,4,1.0,1.0,,,,,,
45,5,Pūrvārcika-Āg,1.0,5,1.0,1.0,,,,,,
46,5,Pūrvārcika-Āg,1.0,5,1.0,1.0,,,,,,
47,5,Pūrvārcika-Āg,1.0,5,1.0,1.0,,,,,,
48,5,Pūrvārcika-Āg,1.0,5,1.0,1.0,,,,,,
49,5,Pūrvārcika-Āg,1.0,5,1.0,1.0,,,,,,
50,5,Pūrvārcika-Āg,1.0,5,1.0,1.0,,,,,,
51,5,Pūrvārcika-Āg,1.0,5,1.0,1.0,,,,,,
52,5,Pūrvārcika-Āg,1.0,5,1.0,1.0,,,,,,
53,5,Pūrvārcika-Āg,1.0,5,1.0,1.0,,,,,,
54,5,Pūrvārcika-Āg,1.0,5,1.0,1.0,,,,,,
55,6,Pūrvārcika-Āg,1.0,6,1.0,2.0,,,,,,
56,6,Pūrvārcika-Āg,1.0,6,1.0,2.0,,,,,,
57,6,Pūrvārcika-Āg,1.0,6,1.0,2.0,,,,,,
58,6,Pūrvārcika-Āg,1.0,6,1.0,2.0,,,,,,
59,6,Pūrvārcika-Āg,1.0,6,1.0,2.0,,,,,,
60,6,Pūrvārcika-Āg,1.0,6,1.0,2.0,,,,,,
61,6,Pūrvārcika-Āg,1.0,6,1.0,2.0,,,,,,
62,6,Pūrvārcika-Āg,1.0,6,1.0,2.0,,,,,,
63,7,Pūrvārcika-Āg,1.0,7,1.0,2.0,,,,,,
64,7,Pūrvārcika-Āg,1.0,7,1.0,2.0,,,,,,
65,7,Pūrvārcika-Āg,1.0,7,1.0,2.0,,,,,,
66,7,Pūrvārcika-Āg,1.0,7,1.0,2.0,,,,,,
67,7,Pūrvārcika-Āg,1.0,7,1.0,2.0,,,,,,
68,7,Pūrvārcika-Āg,1.0,7,1.0,2.0,,,,,,
69,7,Pūrvārcika-Āg,1.0,7,1.0,2.0,,,,,,
70,7,Pūrvārcika-Āg,1.0,7,1.0,2.0,,,,,,
71,7,Pūrvārcika-Āg,1.0,7,1.0,2.0,,,,,,
72,7,Pūrvārcika-Āg,1.0,7,1.0,2.0,,,,,,
73,8,Pūrvārcika-Āg,1.0,8,1.0,2.0,,,,,,
74,8,Pūrvārcika-Āg,1.0,8,1.0,2.0,,,,,,
75,8,Pūrvārcika-Āg,1.0,8,1.0,2.0,,,,,,
76,8,Pūrvārcika-Āg,1.0,8,1.0,2.0,,,,,,
77,8,Pūrvārcika-Āg,1.0,8,1.0,2.0,,,,,,
78,8,Pūrvārcika-Āg,1.0,8,1.0,2.0,,,,,,
79,8,Pūrvārcika-Āg,1.0,8,1.0,2.0,,,,,,
80,8,Pūrvārcika-Āg,1.0,8,1.0,2.0,,,,,,
81,9,Pūrvārcika-Āg,1.0,9,1.0,2.0,,,,,,
82,9,Pūrvārcika-Āg,1.0,9,1.0,2.0,,,,,,
83,9,Pūrvārcika-Āg,1.0,9,1.0,2.0,,,,,,
84,9,Pūrvārcika-Āg,1.0,9,1.0,2.0,,,,,,
85,9,Pūrvārcika-Āg,1.0,9,1.0,2.0,,,,,,
86,9,Pūrvārcika-Āg,1.0,9,1.0,2.0,,,,,,
87,9,Pūrvārcika-Āg,1.0,9,1.0,2.0,,,,,,
88,9,Pūrvārcika-Āg,1.0,9,1.0,2.0,,,,,,
89,9,Pūrvārcika-Āg,1.0,9,1.0,2.0,,,,,,
90,9,Pūrvārcika-Āg,1.0,9,1.0,2.0,,,,,,
91,10,Pūrvārcika-Āg,1.0,10,1.0,2.0,,,,,,
92,10,Pūrvārcika-Āg,1.0,10,1.0,2.0,,,,,,
93,10,Pūrvārcika-Āg,1.0,10,1.0,2.0,,,,,,
94,10,Pūrvārcika-Āg,1.0,10,1.0,2.0,,,,,,
95,10,Pūrvārcika-Āg,1.0,10,1.0,2.0,,,,,,
96,10,Pūrvārcika-Āg,1.0,10,1.0,2.0,,,,,,
97,1,Pūrvārcika-Āg,1.0,11,2.0,1.0,,,,,,
98,1,Pūrvārcika-Āg,1.0,11,2.0,1.0,,,,,,
99,1,Pūrvārcika-Āg,1.0,11,2.0,1.0,,,,,,
100,1,Pūrvārcika-Āg,1.0,11,2.0,1.0,,,,,,
101,1,Pūrvārcika-Āg,1.0,11,2.0,1.0,,,,,,
102,1,Pūrvārcika-Āg,1.0,11,2.0,1.0,,,,,,
103,1,Pūrvārcika-Āg,1.0,11,2.0,1.0,,,,,,
104,1,Pūrvārcika-Āg,1.0,11,2.0,1.0,,,,,,
105,1,Pūrvārcika-Āg,1.0,11,2.0,1.0,,,,,,
106,1,Pūrvārcika-Āg,1.0,11,2.0,1.0,,,,,,
107,2,Pūrvārcika-Āg,1.0,12,2.0,1.0,,,,,,
108,2,Pūrvārcika-Āg,1.0,12,2.0,1.0,,,,,,
109,2,Pūrvārcika-Āg,1.0,12,2.0,1.0,,,,,,
110,2,Pūrvārcika-Āg,1.0,12,2.0,1.0,,,,,,
111,2,Pūrvārcika-Āg,1.0,12,2.0,1.0,,,,,,
112,2,Pūrvārcika-Āg,1.0,12,2.0,1.0,,,,,,
113,2,Pūrvārcika-Āg,1.0,12,2.0,1.0,,,,,,
114,2,Pūrvārcika-Āg,1.0,12,2.0,1.0,,,,,,
115,3,Pūrvārcika-Ain,2.0,1,2.0,1.0,,,,,,
116,3,Pūrvārcika-Ain,2.0,1,2.0,1.0,,,,,,
117,3,Pūrvārcika-Ain,2.0,1,2.0,1.0,,,,,,
118,3,Pūrvārcika-Ain,2.0,1,2.0,1.0,,,,,,
119,3,Pūrvārcika-Ain,2.0,1,2.0,1.0,,,,,,
120,3,Pūrvārcika-Ain,2.0,1,2.0,1.0,,,,,,
121,3,Pūrvārcika-Ain,2.0,1,2.0,1.0,,,,,,
122,3,Pūrvārcika-Ain,2.0,1,2.0,1.0,,,,,,
123,3,Pūrvārcika-Ain,2.0,1,2.0,1.0,,,,,,
124,3,Pūrvārcika-Ain,2.0,1,2.0,1.0,,,,,,
125,4,Pūrvārcika-Ain,2.0,2,2.0,1.0,,,,,,
126,4,Pūrvārcika-Ain,2.0,2,2.0,1.0,,,,,,
127,4,Pūrvārcika-Ain,2.0,2,2.0,1.0,,,,,,
128,4,Pūrvārcika-Ain,2.0,2,2.0,1.0,,,,,,
129,4,Pūrvārcika-Ain,2.0,2,2.0,1.0,,,,,,
130,4,Pūrvārcika-Ain,2.0,2,2.0,1.0,,,,,,
131,4,Pūrvārcika-Ain,2.0,2,2.0,1.0,,,,,,
132,4,Pūrvārcika-Ain,2.0,2,2.0,1.0,,,,,,
133,4,Pūrvārcika-Ain,2.0,2,2.0,1.0,,,,,,
134,4,Pūrvārcika-Ain,2.0,2,2.0,1.0,,,,,,
135,5,Pūrvārcika-Ain,2.0,3,2.0,1.0,,,,,,
136,5,Pūrvārcika-Ain,2.0,3,2.0,1.0,,,,,,
137,5,Pūrvārcika-Ain,2.0,3,2.0,1.0,,,,,,
138,5,Pūrvārcika-Ain,2.0,3,2.0,1.0,,,,,,
139,5,Pūrvārcika-Ain,2.0,3,2.0,1.0,,,,,,
140,5,Pūrvārcika-Ain,2.0,3,2.0,1.0,,,,,,
141,5,Pūrvārcika-Ain,2.0,3,2.0,1.0,,,,,,
142,5,Pūrvārcika-Ain,2.0,3,2.0,1.0,,,,,,
143,5,Pūrvārcika-Ain,2.0,3,2.0,1.0,,,,,,
144,5,Pūrvārcika-Ain,2.0,3,2.0,1.0,,,,,,
145,6,Pūrvārcika-Ain,2.0,4,2.0,2.0,,,,,,
146,6,Pūrvārcika-Ain,2.0,4,2.0,2.0,,,,,,
147,6,Pūrvārcika-Ain,2.0,4,2.0,2.0,,,,,,
148,6,Pūrvārcika-Ain,2.0,4,2.0,2.0,,,,,,
149,6,Pūrvārcika-Ain,2.0,4,2.0,2.0,,,,,,
150,6,Pūrvārcika-Ain,2.0,4,2.0,2.0,,,,,,
151,6,Pūrvārcika-Ain,2.0,4,2.0,2.0,,,,,,
152,6,Pūrvārcika-Ain,2.0,4,2.0,2.0,,,,,,
153,6,Pūrvārcika-Ain,2.0,4,2.0,2.0,,,,,,
154,6,Pūrvārcika-Ain,2.0,4,2.0,2.0,,,,,,
155,6,Pūrvārcika-Ain,2.0,4,2.0,2.0,,,,,,
156,7,Pūrvārcika-Ain,2.0,5,2.0,2.0,,,,,,
157,7,Pūrvārcika-Ain,2.0,5,2.0,2.0,,,,,,
158,7,Pūrvārcika-Ain,2.0,5,2.0,2.0,,,,,,
159,7,Pūrvārcika-Ain,2.0,5,2.0,2.0,,,,,,
160,7,Pūrvārcika-Ain,2.0,5,2.0,2.0,,,,,,
161,7,Pūrvārcika-Ain,2.0,5,2.0,2.0,,,,,,
162,7,Pūrvārcika-Ain,2.0,5,2.0,2.0,,,,,,
163,7,Pūrvārcika-Ain,2.0,5,2.0,2.0,,,,,,
164,7,Pūrvārcika-Ain,2.0,5,2.0,2.0,,,,,,
165,8,Pūrvārcika-Ain,2.0,6,2.0,2.0,,,,,,
166,8,Pūrvārcika-Ain,2.0,6,2.0,2.0,,,,,,
167,8,Pūrvārcika-Ain,2.0,6,2.0,2.0,,,,,,
168,8,Pūrvārcika-Ain,2.0,6,2.0,2.0,,,,,,
169,8,Pūrvārcika-Ain,2.0,6,2.0,2.0,,,,,,
170,8,Pūrvārcika-Ain,2.0,6,2.0,2.0,,,,,,
171,8,Pūrvārcika-Ain,2.0,6,2.0,2.0,,,,,,
172,8,Pūrvārcika-Ain,2.0,6,2.0,2.0,,,,,,
173,8,Pūrvārcika-Ain,2.0,6,2.0,2.0,,,,,,
174,8,Pūrvārcika-Ain,2.0,6,2.0,2.0,,,,,,
175,9,Pūrvārcika-Ain,2.0,7,2.0,2.0,,,,,,
176,9,Pūrvārcika-Ain,2.0,7,2.0,2.0,,,,,,
177,9,Pūrvārcika-Ain,2.0,7,2.0,2.0,,,,,,
178,9,Pūrvārcika-Ain,2.0,7,2.0,2.0,,,,,,
179,9,Pūrvārcika-Ain,2.0,7,2.0,2.0,,,,,,
180,9,Pūrvārcika-Ain,2.0,7,2.0,2.0,,,,,,
181,9,Pūrvārcika-Ain,2.0,7,2.0,2.0,,,,,,
182,9,Pūrvārcika-Ain,2.0,7,2.0,2.0,,,,,,
183,9,Pūrvārcika-Ain,2.0,7,2.0,2.0,,,,,,
184,9,Pūrvārcika-Ain,2.0,7,2.0,2.0,,,,,,
185,10,Pūrvārcika-Ain,2.0,8,2.0,2.0,,,,,,
186,10,Pūrvārcika-Ain,2.0,8,2.0,2.0,,,,,,
187,10,Pūrvārcika-Ain,2.0,8,2.0,2.0,,,,,,
188,10,Pūrvārcika-Ain,2.0,8,2.0,2.0,,,,,,
189,10,Pūrvārcika-Ain,2.0,8,2.0,2.0,,,,,,
190,10,Pūrvārcika-Ain,2.0,8,2.0,2.0,,,,,,
191,10,Pūrvārcika-Ain,2.0,8,2.0,2.0,,,,,,
192,10,Pūrvārcika-Ain,2.0,8,2.0,2.0,,,,,,
193,10,Pūrvārcika-Ain,2.0,8,2.0,2.0,,,,,,
194,1,Pūrvārcika-Ain,2.0,9,3.0,1.0,,,,,,
195,1,Pūrvārcika-Ain,2.0,9,3.0,1.0,,,,,,
196,1,Pūrvārcika-Ain,2.0,9,3.0,1.0,,,,,,
197,1,Pūrvārcika-Ain,2.0,9,3.0,1.0,,,,,,
198,1,Pūrvārcika-Ain,2.0,9,3.0,1.0,,,,,,
199,1,Pūrvārcika-Ain,2.0,9,3.0,1.0,,,,,,
200,1,Pūrvārcika-Ain,2.0,9,3.0,1.0,,,,,,
201,1,Pūrvārcika-Ain,2.0,9,3.0,1.0,,,,,,
202,1,Pūrvārcika-Ain,2.0,9,3.0,1.0,,,,,,
203,1,Pūrvārcika-Ain,2.0,9,3.0,1.0,,,,,,
204,2,Pūrvārcika-Ain,2.0,10,3.0,1.0,,,,,,
205,2,Pūrvārcika-Ain,2.0,10,3.0,1.0,,,,,,
206,2,Pūrvārcika-Ain,2.0,10,3.0,1.0,,,,,,
207,2,Pūrvārcika-Ain,2.0,10,3.0,1.0,,,,,,
208,2,Pūrvārcika-Ain,2.0,10,3.0,1.0,,,,,,
209,2,Pūrvārcika-Ain,2.0,10,3.0,1.0,,,,,,
210,2,Pūrvārcika-Ain,2.0,10,3.0,1.0,,,,,,
211,2,Pūrvārcika-Ain,2.0,10,3.0,1.0,,,,,,
212,2,Pūrvārcika-Ain,2.0,10,3.0,1.0,,,,,,
213,2,Pūrvārcika-Ain,2.0,10,3.0,1.0,,,,,,
214,3,Pūrvārcika-Ain,2.0,11,3.0,1.0,,,,,,
215,3,Pūrvārcika-Ain,2.0,11,3.0,1.0,,,,,,
216,3,Pūrvārcika-Ain,2.0,11,3.0,1.0,,,,,,
217,3,Pūrvārcika-Ain,2.0,11,3.0,1.0,,,,,,
218,3,Pūrvārcika-Ain,2.0,11,3.0,1.0,,,,,,
219,3,Pūrvārcika-Ain,2.0,11,3.0,1.0,,,,,,
220,3,Pūrvārcika-Ain,2.0,11,3.0,1.0,,,,,,
221,3,Pūrvārcika-Ain,2.0,11,3.0,1.0,,,,,,
222,3,Pūrvārcika-Ain,2.0,11,3.0,1.0,,,,,,
223,4,Pūrvārcika-Ain,2.0,12,3.0,1.0,,,,,,
224,4,Pūrvārcika-Ain,2.0,12,3.0,1.0,,,,,,
225,4,Pūrvārcika-Ain,2.0,12,3.0,1.0,,,,,,
226,4,Pūrvārcika-Ain,2.0,12,3.0,1.0,,,,,,
227,4,Pūrvārcika-Ain,2.0,12,3.0,1.0,,,,,,
228,4,Pūrvārcika-Ain,2.0,12,3.0,1.0,,,,,,
229,4,Pūrvārcika-Ain,2.0,12,3.0,1.0,,,,,,
230,4,Pūrvārcika-Ain,2.0,12,3.0,1.0,,,,,,
231,4,Pūrvārcika-Ain,2.0,12,3.0,1.0,,,,,,
232,4,Pūrvārcika-Ain,2.0,12,3.0,1.0,,,,,,
233,5,Pūrvārcika-Ain,3.0,1,3.0,1.0,,,,,,
234,5,Pūrvārcika-Ain,3.0,1,3.0,1.0,,,,,,
235,5,Pūrvārcika-Ain,3.0,1,3.0,1.0,,,,,,
236,5,Pūrvārcika-Ain,3.0,1,3.0,1.0,,,,,,
237,5,Pūrvārcika-Ain,3.0,1,3.0,1.0,,,,,,
238,5,Pūrvārcika-Ain,3.0,1,3.0,1.0,,,,,,
239,5,Pūrvārcika-Ain,3.0,1,3.0,1.0,,,,,,
240,5,Pūrvārcika-Ain,3.0,1,3.0,1.0,,,,,,
241,5,Pūrvārcika-Ain,3.0,1,3.0,1.0,,,,,,
242,5,Pūrvārcika-Ain,3.0,1,3.0,1.0,,,,,,
243,6,Pūrvārcika-Ain,3.0,2,3.0,2.0,,,,,,
244,6,Pūrvārcika-Ain,3.0,2,3.0,2.0,,,,,,
245,6,Pūrvārcika-Ain,3.0,2,3.0,2.0,,,,,,
246,6,Pūrvārcika-Ain,3.0,2,3.0,2.0,,,,,,
247,6,Pūrvārcika-Ain,3.0,2,3.0,2.0,,,,,,
248,6,Pūrvārcika-Ain,3.0,2,3.0,2.0,,,,,,
249,6,Pūrvārcika-Ain,3.0,2,3.0,2.0,,,,,,
250,6,Pūrvārcika-Ain,3.0,2,3.0,2.0,,,,,,
251,6,Pūrvārcika-Ain,3.0,2,3.0,2.0,,,,,,
252,6,Pūrvārcika-Ain,3.0,2,3.0,2.0,,,,,,
253,7,Pūrvārcika-Ain,3.0,3,3.0,2.0,,,,,,
254,7,Pūrvārcika-Ain,3.0,3,3.0,2.0,,,,,,
255,7,Pūrvārcika-Ain,3.0,3,3.0,2.0,,,,,,
256,7,Pūrvārcika-Ain,3.0,3,3.0,2.0,,,,,,
257,7,Pūrvārcika-Ain,3.0,3,3.0,2.0,,,,,,
258,7,Pūrvārcika-Ain,3.0,3,3.0,2.0,,,,,,
259,7,Pūrvārcika-Ain,3.0,3,3.0,2.0,,,,,,
260,7,Pūrvārcika-Ain,3.0,3,3.0,2.0,,,,,,
261,7,Pūrvārcika-Ain,3.0,3,3.0,2.0,,,,,,
262,7,Pūrvārcika-Ain,3.0,3,3.0,2.0,,,,,,
263,8,Pūrvārcika-Ain,3.0,4,3.0,2.0,,,,,,
264,8,Pūrvārcika-Ain,3.0,4,3.0,2.0,,,,,,
265,8,Pūrvārcika-Ain,3.0,4,3.0,2.0,,,,,,
266,8,Pūrvārcika-Ain,3.0,4,3.0,2.0,,,,,,
267,8,Pūrvārcika-Ain,3.0,4,3.0,2.0,,,,,,
268,8,Pūrvārcika-Ain,3.0,4,3.0,2.0,,,,,,
269,8,Pūrvārcika-Ain,3.0,4,3.0,2.0,,,,,,
270,8,Pūrvārcika-Ain,3.0,4,3.0,2.0,,,,,,
271,8,Pūrvārcika-Ain,3.0,4,3.0,2.0,,,,,,
272,8,Pūrvārcika-Ain,3.0,4,3.0,2.0,,,,,,
273,9,Pūrvārcika-Ain,3.0,4,3.0,2.0,,,,,,
274,9,Pūrvārcika-Ain,3.0,4,3.0,2.0,,,,,,
275,9,Pūrvārcika-Ain,3.0,4,3.0,2.0,,,,,,
276,9,Pūrvārcika-Ain,3.0,5,3.0,2.0,,,,,,
277,9,Pūrvārcika-Ain,3.0,5,3.0,2.0,,,,,,
278,9,Pūrvārcika-Ain,3.0,5,3.0,2.0,,,,,,
279,9,Pūrvārcika-Ain,3.0,5,3.0,2.0,,,,,,
280,9,Pūrvārcika-Ain,3.0,5,3.0,2.0,,,,,,
281,9,Pūrvārcika-Ain,3.0,5,3.0,2.0,,,,,,
282,9,Pūrvārcika-Ain,3.0,5,3.0,2.0,,,,,,
283,10,Pūrvārcika-Ain,3.0,6,3.0,2.0,,,,,,
284,10,Pūrvārcika-Ain,3.0,6,3.0,2.0,,,,,,
285,10,Pūrvārcika-Ain,3.0,6,3.0,2.0,,,,,,
286,10,Pūrvārcika-Ain,3.0,6,3.0,2.0,,,,,,
287,10,Pūrvārcika-Ain,3.0,6,3.0,2.0,,,,,,
288,10,Pūrvārcika-Ain,3.0,6,3.0,2.0,,,,,,
289,10,Pūrvārcika-Ain,3.0,6,3.0,2.0,,,,,,
290,10,Pūrvārcika-Ain,3.0,6,3.0,2.0,,,,,,
291,10,Pūrvārcika-Ain,3.0,6,3.0,2.0,,,,,,
292,10,Pūrvārcika-Ain,3.0,6,3.0,2.0,,,,,,
293,1,Pūrvārcika-Ain,3.0,7,4.0,1.0,,,,,,
294,1,Pūrvārcika-Ain,3.0,7,4.0,1.0,,,,,,
295,1,Pūrvārcika-Ain,3.0,7,4.0,1.0,,,,,,
296,1,Pūrvārcika-Ain,3.0,7,4.0,1.0,,,,,,
297,1,Pūrvārcika-Ain,3.0,7,4.0,1.0,,,,,,
298,1,Pūrvārcika-Ain,3.0,7,4.0,1.0,,,,,,
299,1,Pūrvārcika-Ain,3.0,7,4.0,1.0,,,,,,
300,1,Pūrvārcika-Ain,3.0,7,4.0,1.0,,,,,,
301,1,Pūrvārcika-Ain,3.0,7,4.0,1.0,,,,,,
302,1,Pūrvārcika-Ain,3.0,7,4.0,1.0,,,,,,
303,2,Pūrvārcika-Ain,3.0,8,4.0,1.0,,,,,,
304,2,Pūrvārcika-Ain,3.0,8,4.0,1.0,,,,,,
305,2,Pūrvārcika-Ain,3.0,8,4.0,1.0,,,,,,
306,2,Pūrvārcika-Ain,3.0,8,4.0,1.0,,,,,,
307,2,Pūrvārcika-Ain,3.0,8,4.0,1.0,,,,,,
308,2,Pūrvārcika-Ain,3.0,8,4.0,1.0,,,,,,
309,2,Pūrvārcika-Ain,3.0,8,4.0,1.0,,,,,,
310,2,Pūrvārcika-Ain,3.0,8,4.0,1.0,,,,,,
311,2,Pūrvārcika-Ain,3.0,8,4.0,1.0,,,,,,
312,2,Pūrvārcika-Ain,3.0,8,4.0,1.0,,,,,,
313,3,Pūrvārcika-Ain,3.0,9,4.0,1.0,,,,,,
314,3,Pūrvārcika-Ain,3.0,9,4.0,1.0,,,,,,
315,3,Pūrvārcika-Ain,3.0,9,4.0,1.0,,,,,,
316,3,Pūrvārcika-Ain,3.0,9,4.0,1.0,,,,,,
317,3,Pūrvārcika-Ain,3.0,9,4.0,1.0,,,,,,
318,3,Pūrvārcika-Ain,3.0,9,4.0,1.0,,,,,,
319,3,Pūrvārcika-Ain,3.0,9,4.0,1.0,,,,,,
320,3,Pūrvārcika-Ain,3.0,9,4.0,1.0,,,,,,
321,3,Pūrvārcika-Ain,3.0,9,4.0,1.0,,,,,,
322,3,Pūrvārcika-Ain,3.0,9,4.0,1.0,,,,,,
323,4,Pūrvārcika-Ain,3.0,10,4.0,1.0,,,,,,
324,4,Pūrvārcika-Ain,3.0,10,4.0,1.0,,,,,,
325,4,Pūrvārcika-Ain,3.0,10,4.0,1.0,,,,,,
326,4,Pūrvārcika-Ain,3.0,10,4.0,1.0,,,,,,
327,4,Pūrvārcika-Ain,3.0,10,4.0,1.0,,,,,,
328,4,Pūrvārcika-Ain,3.0,10,4.0,1.0,,,,,,
329,4,Pūrvārcika-Ain,3.0,10,4.0,1.0,,,,,,
330,4,Pūrvārcika-Ain,3.0,10,4.0,1.0,,,,,,
331,4,Pūrvārcika-Ain,3.0,10,4.0,1.0,,,,,,
332,5,Pūrvārcika-Ain,3.0,11,4.0,1.0,,,,,,
333,5,Pūrvārcika-Ain,3.0,11,4.0,1.0,,,,,,
334,5,Pūrvārcika-Ain,3.0,11,4.0,1.0,,,,,,
335,5,Pūrvārcika-Ain,3.0,11,4.0,1.0,,,,,,
336,5,Pūrvārcika-Ain,3.0,11,4.0,1.0,,,,,,
337,5,Pūrvārcika-Ain,3.0,11,4.0,1.0,,,,,,
338,5,Pūrvārcika-Ain,3.0,11,4.0,1.0,,,,,,
339,5,Pūrvārcika-Ain,3.0,11,4.0,1.0,,,,,,
340,5,Pūrvārcika-Ain,3.0,11,4.0,1.0,,,,,,
341,5,Pūrvārcika-Ain,3.0,11,4.0,1.0,,,,,,
342,6,Pūrvārcika-Ain,3.0,12,4.0,2.0,,,,,,
343,6,Pūrvārcika-Ain,3.0,12,4.0,2.0,,,,,,
344,6,Pūrvārcika-Ain,3.0,12,4.0,2.0,,,,,,
345,6,Pūrvārcika-Ain,3.0,12,4.0,2.0,,,,,,
346,6,Pūrvārcika-Ain,3.0,12,4.0,2.0,,,,,,
347,6,Pūrvārcika-Ain,3.0,12,4.0,2.0,,,,,,
348,6,Pūrvārcika-Ain,3.0,12,4.0,2.0,,,,,,
349,6,Pūrvārcika-Ain,3.0,12,4.0,2.0,,,,,,
350,6,Pūrvārcika-Ain,3.0,12,4.0,2.0,,,,,,
351,6,Pūrvārcika-Ain,3.0,12,4.0,2.0,,,,,,
352,7,Pūrvārcika-Ain,4.0,1,4.0,2.0,,,,,,
353,7,Pūrvārcika-Ain,4.0,1,4.0,2.0,,,,,,
354,7,Pūrvārcika-Ain,4.0,1,4.0,2.0,,,,,,
355,7,Pūrvārcika-Ain,4.0,1,4.0,2.0,,,,,,
356,7,Pūrvārcika-Ain,4.0,1,4.0,2.0,,,,,,
357,7,Pūrvārcika-Ain,4.0,1,4.0,2.0,,,,,,
358,7,Pūrvārcika-Ain,4.0,1,4.0,2.0,,,,,,
359,7,Pūrvārcika-Ain,4.0,1,4.0,2.0,,,,,,
360,8,Pūrvārcika-Ain,4.0,2,4.0,2.0,,,,,,
361,8,Pūrvārcika-Ain,4.0,2,4.0,2.0,,,,,,
362,8,Pūrvārcika-Ain,4.0,2,4.0,2.0,,,,,,
363,8,Pūrvārcika-Ain,4.0,2,4.0,2.0,,,,,,
364,8,Pūrvārcika-Ain,4.0,2,4.0,2.0,,,,,,
365,8,Pūrvārcika-Ain,4.0,2,4.0,2.0,,,,,,
366,8,Pūrvārcika-Ain,4.0,2,4.0,2.0,,,,,,
367,8,Pūrvārcika-Ain,4.0,2,4.0,2.0,,,,,,
368,8,Pūrvārcika-Ain,4.0,2,4.0,2.0,,,,,,
369,8,Pūrvārcika-Ain,4.0,2,4.0,2.0,,,,,,
370,9,Pūrvārcika-Ain,4.0,3,4.0,2.0,,,,,,
371,9,Pūrvārcika-Ain,4.0,3,4.0,2.0,,,,,,
372,9,Pūrvārcika-Ain,4.0,3,4.0,2.0,,,,,,
373,9,Pūrvārcika-Ain,4.0,3,4.0,2.0,,,,,,
374,9,Pūrvārcika-Ain,4.0,3,4.0,2.0,,,,,,
375,9,Pūrvārcika-Ain,4.0,3,4.0,2.0,,,,,,
376,9,Pūrvārcika-Ain,4.0,3,4.0,2.0,,,,,,
377,9,Pūrvārcika-Ain,4.0,3,4.0,2.0,,,,,,
378,9,Pūrvārcika-Ain,4.0,3,4.0,2.0,,,,,,
379,9,Pūrvārcika-Ain,4.0,3,4.0,2.0,,,,,,
380,9,Pūrvārcika-Ain,4.0,3,4.0,2.0,,,,,,
381,10,Pūrvārcika-Ain,4.0,4,4.0,2.0,,,,,,
382,10,Pūrvārcika-Ain,4.0,4,4.0,2.0,,,,,,
383,10,Pūrvārcika-Ain,4.0,4,4.0,2.0,,,,,,
384,10,Pūrvārcika-Ain,4.0,4,4.0,2.0,,,,,,
385,10,Pūrvārcika-Ain,4.0,4,4.0,2.0,,,,,,
386,10,Pūrvārcika-Ain,4.0,4,4.0,2.0,,,,,,
387,10,Pūrvārcika-Ain,4.0,4,4.0,2.0,,,,,,
388,10,Pūrvārcika-Ain,4.0,4,4.0,2.0,,,,,,
389,10,Pūrvārcika-Ain,4.0,4,4.0,2.0,,,,,,
390,10,Pūrvārcika-Ain,4.0,4,4.0,2.0,,,,,,
391,1,Pūrvārcika-Ain,4.0,5,5.0,1.0,,,,,,
392,1,Pūrvārcika-Ain,4.0,5,5.0,1.0,,,,,,
393,1,Pūrvārcika-Ain,4.0,5,5.0,1.0,,,,,,
394,1,Pūrvārcika-Ain,4.0,5,5.0,1.0,,,,,,
395,1,Pūrvārcika-Ain,4.0,5,5.0,1.0,,,,,,
396,1,Pūrvārcika-Ain,4.0,5,5.0,1.0,,,,,,
397,1,Pūrvārcika-Ain,4.0,5,5.0,1.0,,,,,,
398,1,Pūrvārcika-Ain,4.0,5,5.0,1.0,,,,,,
399,2,Pūrvārcika-Ain,4.0,6,5.0,1.0,,,,,,
400,2,Pūrvārcika-Ain,4.0,6,5.0,1.0,,,,,,
401,2,Pūrvārcika-Ain,4.0,6,5.0,1.0,,,,,,
402,2,Pūrvārcika-Ain,4.0,6,5.0,1.0,,,,,,
403,2,Pūrvārcika-Ain,4.0,6,5.0,1.0,,,,,,
404,2,Pūrvārcika-Ain,4.0,6,5.0,1.0,,,,,,
405,2,Pūrvārcika-Ain,4.0,6,5.0,1.0,,,,,,
406,2,Pūrvārcika-Ain,4.0,6,5.0,1.0,,,,,,
407,2,Pūrvārcika-Ain,4.0,6,5.0,1.0,,,,,,
408,2,Pūrvārcika-Ain,4.0,6,5.0,1.0,,,,,,
409,3,Pūrvārcika-Ain,4.0,7,5.0,1.0,,,,,,
410,3,Pūrvārcika-Ain,4.0,7,5.0,1.0,,,,,,
411,3,Pūrvārcika-Ain,4.0,7,5.0,1.0,,,,,,
412,3,Pūrvārcika-Ain,4.0,7,5.0,1.0,,,,,,
413,3,Pūrvārcika-Ain,4.0,7,5.0,1.0,,,,,,
414,3,Pūrvārcika-Ain,4.0,7,5.0,1.0,,,,,,
415,3,Pūrvārcika-Ain,4.0,7,5.0,1.0,,,,,,
416,3,Pūrvārcika-Ain,4.0,7,5.0,1.0,,,,,,
417,3,Pūrvārcika-Ain,4.0,7,5.0,1.0,,,,,,
418,3,Pūrvārcika-Ain,4.0,7,5.0,1.0,,,,,,
419,4,Pūrvārcika-Ain,4.0,8,5.0,1.0,,,,,,
420,4,Pūrvārcika-Ain,4.0,8,5.0,1.0,,,,,,
421,4,Pūrvārcika-Ain,4.0,8,5.0,1.0,,,,,,
422,4,Pūrvārcika-Ain,4.0,8,5.0,1.0,,,,,,
423,4,Pūrvārcika-Ain,4.0,8,5.0,1.0,,,,,,
424,4,Pūrvārcika-Ain,4.0,8,5.0,1.0,,,,,,
425,4,Pūrvārcika-Ain,4.0,8,5.0,1.0,,,,,,
426,4,Pūrvārcika-Ain,4.0,8,5.0,1.0,,,,,,
427,5,Pūrvārcika-Ain,4.0,9,5.0,1.0,,,,,,
428,5,Pūrvārcika-Ain,4.0,9,5.0,1.0,,,,,,
429,5,Pūrvārcika-Ain,4.0,9,5.0,1.0,,,,,,
430,5,Pūrvārcika-Ain,4.0,9,5.0,1.0,,,,,,
431,5,Pūrvārcika-Ain,4.0,9,5.0,1.0,,,,,,
432,5,Pūrvārcika-Ain,4.0,9,5.0,1.0,,,,,,
433,5,Pūrvārcika-Ain,4.0,9,5.0,1.0,,,,,,
434,5,Pūrvārcika-Ain,4.0,9,5.0,1.0,,,,,,
435,5,Pūrvārcika-Ain,4.0,9,5.0,1.0,,,,,,
436,5,Pūrvārcika-Ain,4.0,9,5.0,1.0,,,,,,
437,6,Pūrvārcika-Ain,4.0,10,5.0,2.0,,,,,,
438,6,Pūrvārcika-Ain,4.0,10,5.0,2.0,,,,,,
439,6,Pūrvārcika-Ain,4.0,10,5.0,2.0,,,,,,
440,6,Pūrvārcika-Ain,4.0,10,5.0,2.0,,,,,,
441,6,Pūrvārcika-Ain,4.0,10,5.0,2.0,,,,,,
442,6,Pūrvārcika-Ain,4.0,10,5.0,2.0,,,,,,
443,6,Pūrvārcika-Ain,4.0,10,5.0,2.0,,,,,,
444,6,Pūrvārcika-Ain,4.0,10,5.0,2.0,,,,,,
445,6,Pūrvārcika-Ain,4.0,10,5.0,2.0,,,,,,
446,6,Pūrvārcika-Ain,4.0,10,5.0,2.0,,,,,,
447,7,Pūrvārcika-Ain,4.0,11,5.0,2.0,,,,,,
448,7,Pūrvārcika-Ain,4.0,11,5.0,2.0,,,,,,
449,7,Pūrvārcika-Ain,4.0,11,5.0,2.0,,,,,,
450,7,Pūrvārcika-Ain,4.0,11,5.0,2.0,,,,,,
451,7,Pūrvārcika-Ain,4.0,11,5.0,2.0,,,,,,
452,7,Pūrvārcika-Ain,4.0,11,5.0,2.0,,,,,,
453,7,Pūrvārcika-Ain,4.0,11,5.0,2.0,,,,,,
454,7,Pūrvārcika-Ain,4.0,11,5.0,2.0,,,,,,
455,7,Pūrvārcika-Ain,4.0,11,5.0,2.0,,,,,,
456,7,Pūrvārcika-Ain,4.0,11,5.0,2.0,,,,,,
457,8,Pūrvārcika-Ain,4.0,12,5.0,2.0,,,,,,
458,8,Pūrvārcika-Ain,4.0,12,5.0,2.0,,,,,,
459,8,Pūrvārcika-Ain,4.0,12,5.0,2.0,,,,,,
460,8,Pūrvārcika-Ain,4.0,12,5.0,2.0,,,,,,
461,8,Pūrvārcika-Ain,4.0,12,5.0,2.0,,,,,,
462,8,Pūrvārcika-Ain,4.0,12,5.0,2.0,,,,,,
463,8,Pūrvārcika-Ain,4.0,12,5.0,2.0,,,,,,
464,8,Pūrvārcika-Ain,4.0,12,5.0,2.0,,,,,,
465,8,Pūrvārcika-Ain,4.0,12,5.0,2.0,,,,,,
466,8,Pūrvārcika-Ain,4.0,12,5.0,2.0,,,,,,
467,9,Pūrvārcika-Pav,5.0,1,5.0,2.0,,,,,,
468,9,Pūrvārcika-Pav,5.0,1,5.0,2.0,,,,,,
469,9,Pūrvārcika-Pav,5.0,1,5.0,2.0,,,,,,
470,9,Pūrvārcika-Pav,5.0,1,5.0,2.0,,,,,,
471,9,Pūrvārcika-Pav,5.0,1,5.0,2.0,,,,,,
472,9,Pūrvārcika-Pav,5.0,1,5.0,2.0,,,,,,
473,9,Pūrvārcika-Pav,5.0,1,5.0,2.0,,,,,,
474,9,Pūrvārcika-Pav,5.0,1,5.0,2.0,,,,,,
475,9,Pūrvārcika-Pav,5.0,1,5.0,2.0,,,,,,
476,9,Pūrvārcika-Pav,5.0,1,5.0,2.0,,,,,,
477,10,Pūrvārcika-Pav,5.0,2,5.0,2.0,,,,,,
478,10,Pūrvārcika-Pav,5.0,2,5.0,2.0,,,,,,
479,10,Pūrvārcika-Pav,5.0,2,5.0,2.0,,,,,,
480,10,Pūrvārcika-Pav,5.0,2,5.0,2.0,,,,,,
481,10,Pūrvārcika-Pav,5.0,2,5.0,2.0,,,,,,
482,10,Pūrvārcika-Pav,5.0,2,5.0,2.0,,,,,,
483,10,Pūrvārcika-Pav,5.0,2,5.0,2.0,,,,,,
484,10,Pūrvārcika-Pav,5.0,2,5.0,2.0,,,,,,
485,10,Pūrvārcika-Pav,5.0,2,5.0,2.0,,,,,,
486,10,Pūrvārcika-Pav,5.0,2,5.0,2.0,,,,,,
487,1,Pūrvārcika-Pav,5.0,3,6.0,1.0,,,,,,
488,1,Pūrvārcika-Pav,5.0,3,6.0,1.0,,,,,,
489,1,Pūrvārcika-Pav,5.0,3,6.0,1.0,,,,,,
490,1,Pūrvārcika-Pav,5.0,3,6.0,1.0,,,,,,
491,1,Pūrvārcika-Pav,5.0,3,6.0,1.0,,,,,,
492,1,Pūrvārcika-Pav,5.0,3,6.0,1.0,,,,,,
493,1,Pūrvārcika-Pav,5.0,3,6.0,1.0,,,,,,
494,1,Pūrvārcika-Pav,5.0,3,6.0,1.0,,,,,,
495,1,Pūrvārcika-Pav,5.0,3,6.0,1.0,,,,,,
496,1,Pūrvārcika-Pav,5.0,3,6.0,1.0,,,,,,
497,2,Pūrvārcika-Pav,5.0,4,6.0,1.0,,,,,,
498,2,Pūrvārcika-Pav,5.0,4,6.0,1.0,,,,,,
499,2,Pūrvārcika-Pav,5.0,4,6.0,1.0,,,,,,
500,2,Pūrvārcika-Pav,5.0,4,6.0,1.0,,,,,,
501,2,Pūrvārcika-Pav,5.0,4,6.0,1.0,,,,,,
502,2,Pūrvārcika-Pav,5.0,4,6.0,1.0,,,,,,
503,2,Pūrvārcika-Pav,5.0,4,6.0,1.0,,,,,,
504,2,Pūrvārcika-Pav,5.0,4,6.0,1.0,,,,,,
505,2,Pūrvārcika-Pav,5.0,4,6.0,1.0,,,,,,
506,2,Pūrvārcika-Pav,5.0,4,6.0,1.0,,,,,,
507,2,Pūrvārcika-Pav,5.0,4,6.0,1.0,,,,,,
508,2,Pūrvārcika-Pav,5.0,4,6.0,1.0,,,,,,
509,2,Pūrvārcika-Pav,5.0,4,6.0,1.0,,,,,,
510,2,Pūrvārcika-Pav,5.0,4,6.0,1.0,,,,,,
511,3,Pūrvārcika-Pav,5.0,5,6.0,1.0,,,,,,
512,3,Pūrvārcika-Pav,5.0,5,6.0,1.0,,,,,,
513,3,Pūrvārcika-Pav,5.0,5,6.0,1.0,,,,,,
514,3,Pūrvārcika-Pav,5.0,5,6.0,1.0,,,,,,
515,3,Pūrvārcika-Pav,5.0,5,6.0,1.0,,,,,,
516,3,Pūrvārcika-Pav,5.0,5,6.0,1.0,,,,,,
517,3,Pūrvārcika-Pav,5.0,5,6.0,1.0,,,,,,
518,3,Pūrvārcika-Pav,5.0,5,6.0,1.0,,,,,,
519,3,Pūrvārcika-Pav,5.0,5,6.0,1.0,,,,,,
520,3,Pūrvārcika-Pav,5.0,5,6.0,1.0,,,,,,
521,3,Pūrvārcika-Pav,5.0,5,6.0,1.0,,,,,,
522,3,Pūrvārcika-Pav,5.0,5,6.0,1.0,,,,,,
523,4,Pūrvārcika-Pav,5.0,6,6.0,1.0,,,,,,
524,4,Pūrvārcika-Pav,5.0,6,6.0,1.0,,,,,,
525,4,Pūrvārcika-Pav,5.0,6,6.0,1.0,,,,,,
526,4,Pūrvārcika-Pav,5.0,6,6.0,1.0,,,,,,
527,4,Pūrvārcika-Pav,5.0,6,6.0,1.0,,,,,,
528,4,Pūrvārcika-Pav,5.0,6,6.0,1.0,,,,,,
529,4,Pūrvārcika-Pav,5.0,6,6.0,1.0,,,,,,
530,4,Pūrvārcika-Pav,5.0,6,6.0,1.0,,,,,,
531,4,Pūrvārcika-Pav,5.0,6,6.0,1.0,,,,,,
532,4,Pūrvārcika-Pav,5.0,6,6.0,1.0,,,,,,
533,5,Pūrvārcika-Pav,5.0,7,6.0,1.0,,,,,,
534,5,Pūrvārcika-Pav,5.0,7,6.0,1.0,,,,,,
535,5,Pūrvārcika-Pav,5.0,7,6.0,1.0,,,,,,
536,5,Pūrvārcika-Pav,5.0,7,6.0,1.0,,,,,,
537,5,Pūrvārcika-Pav,5.0,7,6.0,1.0,,,,,,
538,5,Pūrvārcika-Pav,5.0,7,6.0,1.0,,,,,,
539,5,Pūrvārcika-Pav,5.0,7,6.0,1.0,,,,,,
540,5,Pūrvārcika-Pav,5.0,7,6.0,1.0,,,,,,
541,5,Pūrvārcika-Pav,5.0,7,6.0,1.0,,,,,,
542,5,Pūrvārcika-Pav,5.0,7,6.0,1.0,,,,,,
543,5,Pūrvārcika-Pav,5.0,7,6.0,1.0,,,,,,
544,5,Pūrvārcika-Pav,5.0,7,6.0,1.0,,,,,,
545,6,Pūrvārcika-Pav,5.0,8,6.0,2.0,,,,,,
546,6,Pūrvārcika-Pav,5.0,8,6.0,2.0,,,,,,
547,6,Pūrvārcika-Pav,5.0,8,6.0,2.0,,,,,,
548,6,Pūrvārcika-Pav,5.0,8,6.0,2.0,,,,,,
549,6,Pūrvārcika-Pav,5.0,8,6.0,2.0,,,,,,
550,6,Pūrvārcika-Pav,5.0,8,6.0,2.0,,,,,,
551,6,Pūrvārcika-Pav,5.0,8,6.0,2.0,,,,,,
552,6,Pūrvārcika-Pav,5.0,8,6.0,2.0,,,,,,
553,6,Pūrvārcika-Pav,5.0,8,6.0,2.0,,,,,,
554,7,Pūrvārcika-Pav,5.0,9,6.0,2.0,,,,,,
555,7,Pūrvārcika-Pav,5.0,9,6.0,2.0,,,,,,
556,7,Pūrvārcika-Pav,5.0,9,6.0,2.0,,,,,,
557,7,Pūrvārcika-Pav,5.0,9,6.0,2.0,,,,,,
558,7,Pūrvārcika-Pav,5.0,9,6.0,2.0,,,,,,
559,7,Pūrvārcika-Pav,5.0,9,6.0,2.0,,,,,,
560,7,Pūrvārcika-Pav,5.0,9,6.0,2.0,,,,,,
561,7,Pūrvārcika-Pav,5.0,9,6.0,2.0,,,,,,
562,7,Pūrvārcika-Pav,5.0,9,6.0,2.0,,,,,,
563,7,Pūrvārcika-Pav,5.0,9,6.0,2.0,,,,,,
564,7,Pūrvārcika-Pav,5.0,9,6.0,2.0,,,,,,
565,7,Pūrvārcika-Pav,5.0,9,6.0,2.0,,,,,,
566,8,Pūrvārcika-Pav,5.0,10,6.0,2.0,,,,,,
567,8,Pūrvārcika-Pav,5.0,10,6.0,2.0,,,,,,
568,8,Pūrvārcika-Pav,5.0,10,6.0,2.0,,,,,,
569,8,Pūrvārcika-Pav,5.0,10,6.0,2.0,,,,,,
570,8,Pūrvārcika-Pav,5.0,10,6.0,2.0,,,,,,
571,8,Pūrvārcika-Pav,5.0,10,6.0,2.0,,,,,,
572,8,Pūrvārcika-Pav,5.0,10,6.0,2.0,,,,,,
573,8,Pūrvārcika-Pav,5.0,10,6.0,2.0,,,,,,
574,8,Pūrvārcika-Pav,5.0,10,6.0,2.0,,,,,,
575,8,Pūrvārcika-Pav,5.0,10,6.0,2.0,,,,,,
576,8,Pūrvārcika-Pav,5.0,10,6.0,2.0,,,,,,
577,8,Pūrvārcika-Pav,5.0,10,6.0,2.0,,,,,,
578,9,Pūrvārcika-Pav,5.0,11,6.0,2.0,,,,,,
579,9,Pūrvārcika-Pav,5.0,11,6.0,2.0,,,,,,
580,9,Pūrvārcika-Pav,5.0,11,6.0,2.0,,,,,,
581,9,Pūrvārcika-Pav,5.0,11,6.0,2.0,,,,,,
582,9,Pūrvārcika-Pav,5.0,11,6.0,2.0,,,,,,
583,9,Pūrvārcika-Pav,5.0,11,6.0,2.0,,,,,,
584,9,Pūrvārcika-Pav,5.0,11,6.0,2.0,,,,,,
585,9,Pūrvārcika-Pav,5.0,11,6.0,2.0,,,,,,
586,1,Āraṇyārcika,,1,,,,,,,,
587,1,Āraṇyārcika,,1,,,,,,,,
588,1,Āraṇyārcika,,1,,,,,,,,
589,1,Āraṇyārcika,,1,,,,,,,,
590,1,Āraṇyārcika,,1,,,,,,,,
591,1,Āraṇyārcika,,1,,,,,,,,
592,1,Āraṇyārcika,,1,,,,,,,,
593,1,Āraṇyārcika,,1,,,,,,,,
594,1,Āraṇyārcika,,1,,,,,,,,
595,1,Āraṇyārcika,,1,,,,,,,,
596,2,Āraṇyārcika,,2,,,,,,,,
597,2,Āraṇyārcika,,2,,,,,,,,
598,2,Āraṇyārcika,,2,,,,,,,,
599,2,Āraṇyārcika,,2,,,,,,,,
600,2,Āraṇyārcika,,2,,,,,,,,
601,2,Āraṇyārcika,,2,,,,,,,,
602,3,Āraṇyārcika,,3,,,,,,,,
603,3,Āraṇyārcika,,3,,,,,,,,
604,3,Āraṇyārcika,,3,,,,,,,,
605,3,Āraṇyārcika,,3,,,,,,,,
606,3,Āraṇyārcika,,3,,,,,,,,
607,3,Āraṇyārcika,,3,,,,,,,,
608,3,Āraṇyārcika,,3,,,,,,,,
609,3,Āraṇyārcika,,3,,,,,,,,
610,3,Āraṇyārcika,,3,,,,,,,,
611,3,Āraṇyārcika,,3,,,,,,,,
612,3,Āraṇyārcika,,3,,,,,,,,
613,3,Āraṇyārcika,,3,,,,,,,,
614,3,Āraṇyārcika,,3,,,,,,,,
615,4,Āraṇyārcika,,4,,,,,,,,
616,4,Āraṇyārcika,,4,,,,,,,,
617,4,Āraṇyārcika,,4,,,,,,,,
618,4,Āraṇyārcika,,4,,,,,,,,
619,4,Āraṇyārcika,,4,,,,,,,,
620,4,Āraṇyārcika,,4,,,,,,,,
621,4,Āraṇyārcika,,4,,,,,,,,
622,4,Āraṇyārcika,,4,,,,,,,,
623,4,Āraṇyārcika,,4,,,,,,,,
624,4,Āraṇyārcika,,4,,,,,,,,
625,4,Āraṇyārcika,,4,,,,,,,,
626,4,Āraṇyārcika,,4,,,,,,,,
627,5,Āraṇyārcika,,5,,,,,,,,
628,5,Āraṇyārcika,,5,,,,,,,,
629,5,Āraṇyārcika,,5,,,,,,,,
630,5,Āraṇyārcika,,5,,,,,,,,
631,5,Āraṇyārcika,,5,,,,,,,,
632,5,Āraṇyārcika,,5,,,,,,,,
633,5,Āraṇyārcika,,5,,,,,,,,
634,5,Āraṇyārcika,,5,,,,,,,,
635,5,Āraṇyārcika,,5,,,,,,,,
636,5,Āraṇyārcika,,5,,,,,,,,
637,5,Āraṇyārcika,,5,,,,,,,,
638,5,Āraṇyārcika,,5,,,,,,,,
639,5,Āraṇyārcika,,5,,,,,,,,
640,5,Āraṇyārcika,,5,,,,,,,,
641,1,Mahānāmnyārcikaḥ,,1,,,,,,,,
642,1,Mahānāmnyārcikaḥ,,1,,,,,,,,
643,1,Mahānāmnyārcikaḥ,,1,,,,,,,,
644,1,Mahānāmnyārcikaḥ,,1,,,,,,,,
645,1,Mahānāmnyārcikaḥ,,1,,,,,,,,
646,1,Mahānāmnyārcikaḥ,,1,,,,,,,,
647,1,Mahānāmnyārcikaḥ,,1,,,,,,,,
648,1,Mahānāmnyārcikaḥ,,1,,,,,,,,
649,1,Mahānāmnyārcikaḥ,,1,,,,,,,,
650,1,Mahānāmnyārcikaḥ,,1,,,,,,,,
651,1,Uttarārcika,1.0,1,1.0,1.0,,,,,,
652,1,Uttarārcika,1.0,1,1.0,1.0,,,,,,
653,1,Uttarārcika,1.0,1,1.0,1.0,,,,,,
654,2,Uttarārcika,1.0,1,1.0,1.0,,,,,,
655,2,Uttarārcika,1.0,1,1.0,1.0,,,,,,
656,2,Uttarārcika,1.0,1,1.0,1.0,,,,,,
657,3,Uttarārcika,1.0,1,1.0,1.0,,,,,,
658,3,Uttarārcika,1.0,1,1.0,1.0,,,,,,
659,3,Uttarārcika,1.0,1,1.0,1.0,,,,,,
660,4,Uttarārcika,1.0,2,1.0,1.0,,,,,,
661,4,Uttarārcika,1.0,2,1.0,1.0,,,,,,
662,4,Uttarārcika,1.0,2,1.0,1.0,,,,,,
663,5,Uttarārcika,1.0,2,1.0,1.0,,,,,,
664,5,Uttarārcika,1.0,2,1.0,1.0,,,,,,
665,5,Uttarārcika,1.0,2,1.0,1.0,,,,,,
666,6,Uttarārcika,1.0,2,1.0,1.0,,,,,,
667,6,Uttarārcika,1.0,2,1.0,1.0,,,,,,
668,6,Uttarārcika,1.0,2,1.0,1.0,,,,,,
669,7,Uttarārcika,1.0,2,1.0,1.0,,,,,,
670,7,Uttarārcika,1.0,2,1.0,1.0,,,,,,
671,7,Uttarārcika,1.0,2,1.0,1.0,,,,,,
672,8,Uttarārcika,1.0,3,1.0,1.0,,,,,,
673,8,Uttarārcika,1.0,3,1.0,1.0,,,,,,
674,8,Uttarārcika,1.0,3,1.0,1.0,,,,,,
675,9,Uttarārcika,1.0,3,1.0,1.0,,,,,,
676,9,Uttarārcika,1.0,3,1.0,1.0,,,,,,
677,10,Uttarārcika,1.0,3,1.0,1.0,,,,,,
678,10,Uttarārcika,1.0,3,1.0,1.0,,,,,,
679,10,Uttarārcika,1.0,3,1.0,1.0,,,,,,
680,11,Uttarārcika,1.0,4,1.0,1.0,,,,,,
681,11,Uttarārcika,1.0,4,1.0,1.0,,,,,,
682,12,Uttarārcika,1.0,4,1.0,1.0,,,,,,
683,12,Uttarārcika,1.0,4,1.0,1.0,,,,,,
684,12,Uttarārcika,1.0,4,1.0,1.0,,,,,,
685,13,Uttarārcika,1.0,4,1.0,1.0,,,,,,
686,13,Uttarārcika,1.0,4,1.0,1.0,,,,,,
687,14,Uttarārcika,1.0,4,1.0,1.0,,,,,,
688,13,Uttarārcika,1.0,4,1.0,1.0,,,,,,
689,15,Uttarārcika,1.0,4,1.0,1.0,,,,,,
690,15,Uttarārcika,1.0,4,1.0,1.0,,,,,,
691,15,Uttarārcika,1.0,4,1.0,1.0,,,,,,
692,16,Uttarārcika,1.0,5,1.0,1.0,,,,,,
693,16,Uttarārcika,1.0,5,1.0,1.0,,,,,,
694,17,Uttarārcika,1.0,5,1.0,1.0,,,,,,
695,17,Uttarārcika,1.0,5,1.0,1.0,,,,,,
696,17,Uttarārcika,1.0,5,1.0,1.0,,,,,,
697,18,Uttarārcika,1.0,5,1.0,1.0,,,,,,
698,18,Uttarārcika,1.0,5,1.0,1.0,,,,,,
699,18,Uttarārcika,1.0,5,1.0,1.0,,,,,,
700,19,Uttarārcika,1.0,5,1.0,1.0,,,,,,
701,19,Uttarārcika,1.0,5,1.0,1.0,,,,,,
702,19,Uttarārcika,1.0,5,1.0,1.0,,,,,,
703,20,Uttarārcika,1.0,6,1.0,1.0,,,,,,
704,20,Uttarārcika,1.0,6,1.0,1.0,,,,,,
705,21,Uttarārcika,1.0,6,1.0,1.0,,,,,,
706,21,Uttarārcika,1.0,6,1.0,1.0,,,,,,
707,21,Uttarārcika,1.0,6,1.0,1.0,,,,,,
708,22,Uttarārcika,1.0,6,1.0,1.0,,,,,,
709,22,Uttarārcika,1.0,6,1.0,1.0,,,,,,
710,23,Uttarārcika,1.0,6,1.0,1.0,,,,,,
711,23,Uttarārcika,1.0,6,1.0,1.0,,,,,,
712,23,Uttarārcika,1.0,6,1.0,1.0,,,,,,
713,1,Uttarārcika,2.0,1,1.0,2.0,,,,,,
714,1,Uttarārcika,2.0,1,1.0,2.0,,,,,,
715,1,Uttarārcika,2.0,1,1.0,2.0,,,,,,
716,2,Uttarārcika,2.0,1,1.0,2.0,,,,,,
717,2,Uttarārcika,2.0,1,1.0,2.0,,,,,,
718,2,Uttarārcika,2.0,1,1.0,2.0,,,,,,
719,3,Uttarārcika,2.0,1,1.0,2.0,,,,,,
720,3,Uttarārcika,2.0,1,1.0,2.0,,,,,,
721,3,Uttarārcika,2.0,1,1.0,2.0,,,,,,
722,4,Uttarārcika,2.0,1,1.0,2.0,,,,,,
723,4,Uttarārcika,2.0,1,1.0,2.0,,,,,,
724,4,Uttarārcika,2.0,1,1.0,2.0,,,,,,
725,5,Uttarārcika,2.0,2,1.0,2.0,,,,,,
726,5,Uttarārcika,2.0,2,1.0,2.0,,,,,,
727,5,Uttarārcika,2.0,2,1.0,2.0,,,,,,
728,6,Uttarārcika,2.0,2,1.0,2.0,,,,,,
729,6,Uttarārcika,2.0,2,1.0,2.0,,,,,,
730,6,Uttarārcika,2.0,2,1.0,2.0,,,,,,
731,7,Uttarārcika,2.0,2,1.0,2.0,,,,,,
732,7,Uttarārcika,2.0,2,1.0,2.0,,,,,,
733,7,Uttarārcika,2.0,2,1.0,2.0,,,,,,
734,8,Uttarārcika,2.0,2,1.0,2.0,,,,,,
735,8,Uttarārcika,2.0,2,1.0,2.0,,,,,,
736,8,Uttarārcika,2.0,2,1.0,2.0,,,,,,
737,9,Uttarārcika,2.0,3,1.0,2.0,,,,,,
738,9,Uttarārcika,2.0,3,1.0,2.0,,,,,,
739,9,Uttarārcika,2.0,3,1.0,2.0,,,,,,
740,10,Uttarārcika,2.0,3,1.0,2.0,,,,,,
741,10,Uttarārcika,2.0,3,1.0,2.0,,,,,,
742,10,Uttarārcika,2.0,3,1.0,2.0,,,,,,
743,11,Uttarārcika,2.0,3,1.0,2.0,,,,,,
744,11,Uttarārcika,2.0,3,1.0,2.0,,,,,,
745,11,Uttarārcika,2.0,3,1.0,2.0,,,,,,
746,12,Uttarārcika,2.0,3,1.0,2.0,,,,,,
747,12,Uttarārcika,2.0,3,1.0,2.0,,,,,,
748,12,Uttarārcika,2.0,3,1.0,2.0,,,,,,
749,13,Uttarārcika,2.0,4,1.0,2.0,,,,,,
750,13,Uttarārcika,2.0,4,1.0,2.0,,,,,,
751,14,Uttarārcika,2.0,4,1.0,2.0,,,,,,
752,14,Uttarārcika,2.0,4,1.0,2.0,,,,,,
753,15,Uttarārcika,2.0,4,1.0,2.0,,,,,,
754,15,Uttarārcika,2.0,4,1.0,2.0,,,,,,
755,16,Uttarārcika,2.0,5,1.0,2.0,,,,,,
756,16,Uttarārcika,2.0,5,1.0,2.0,,,,,,
757,16,Uttarārcika,2.0,5,1.0,2.0,,,,,,
758,17,Uttarārcika,2.0,5,1.0,2.0,,,,,,
759,17,Uttarārcika,2.0,5,1.0,2.0,,,,,,
760,17,Uttarārcika,2.0,5,1.0,2.0,,,,,,
761,18,Uttarārcika,2.0,5,1.0,2.0,,,,,,
762,18,Uttarārcika,2.0,5,1.0,2.0,,,,,,
763,18,Uttarārcika,2.0,5,1.0,2.0,,,,,,
764,19,Uttarārcika,2.0,6,1.0,2.0,,,,,,
765,19,Uttarārcika,2.0,6,1.0,2.0,,,,,,
766,19,Uttarārcika,2.0,6,1.0,2.0,,,,,,
767,20,Uttarārcika,2.0,6,1.0,2.0,,,,,,
768,20,Uttarārcika,2.0,6,1.0,2.0,,,,,,
769,21,Uttarārcika,2.0,6,1.0,2.0,,,,,,
770,21,Uttarārcika,2.0,6,1.0,2.0,,,,,,
771,21,Uttarārcika,2.0,6,1.0,2.0,,,,,,
772,22,Uttarārcika,2.0,6,1.0,2.0,,,,,,
773,22,Uttarārcika,2.0,6,1.0,2.0,,,,,,
774,22,Uttarārcika,2.0,6,1.0,2.0,,,,,,
775,1,Uttarārcika,3.0,1,2.0,1.0,,,,,,
776,1,Uttarārcika,3.0,1,2.0,1.0,,,,,,
777,1,Uttarārcika,3.0,1,2.0,1.0,,,,,,
778,2,Uttarārcika,3.0,1,2.0,1.0,,,,,,
779,2,Uttarārcika,3.0,1,2.0,1.0,,,,,,
780,2,Uttarārcika,3.0,1,2.0,1.0,,,,,,
781,3,Uttarārcika,3.0,1,2.0,1.0,,,,,,
782,3,Uttarārcika,3.0,1,2.0,1.0,,,,,,
783,3,Uttarārcika,3.0,1,2.0,1.0,,,,,,
784,4,Uttarārcika,3.0,1,2.0,1.0,,,,,,
785,4,Uttarārcika,3.0,1,2.0,1.0,,,,,,
786,4,Uttarārcika,3.0,1,2.0,1.0,,,,,,
787,5,Uttarārcika,3.0,1,2.0,1.0,,,,,,
788,5,Uttarārcika,3.0,1,2.0,1.0,,,,,,
789,5,Uttarārcika,3.0,1,2.0,1.0,,,,,,
790,6,Uttarārcika,3.0,2,2.0,1.0,,,,,,
791,6,Uttarārcika,3.0,2,2.0,1.0,,,,,,
792,6,Uttarārcika,3.0,2,2.0,1.0,,,,,,
793,7,Uttarārcika,3.0,2,2.0,1.0,,,,,,
794,7,Uttarārcika,3.0,2,2.0,1.0,,,,,,
795,7,Uttarārcika,3.0,2,2.0,1.0,,,,,,
796,8,Uttarārcika,3.0,2,2.0,1.0,,,,,,
797,8,Uttarārcika,3.0,2,2.0,1.0,,,,,,
798,8,Uttarārcika,3.0,2,2.0,1.0,,,,,,
799,8,Uttarārcika,3.0,2,2.0,1.0,,,,,,
800,9,Uttarārcika,3.0,2,2.0,1.0,,,,,,
801,9,Uttarārcika,3.0,2,2.0,1.0,,,,,,
802,9,Uttarārcika,3.0,2,2.0,1.0,,,,,,
803,10,Uttarārcika,3.0,3,2.0,1.0,,,,,,
804,10,Uttarārcika,3.0,3,2.0,1.0,,,,,,
805,10,Uttarārcika,3.0,3,2.0,1.0,,,,,,
806,11,Uttarārcika,3.0,3,2.0,1.0,,,,,,
807,11,Uttarārcika,3.0,3,2.0,1.0,,,,,,
808,11,Uttarārcika,3.0,3,2.0,1.0,,,,,,
809,12,Uttarārcika,3.0,4,2.0,1.0,,,,,,
810,12,Uttarārcika,3.0,4,2.0,1.0,,,,,,
811,13,Uttarārcika,3.0,4,2.0,1.0,,,,,,
812,13,Uttarārcika,3.0,4,2.0,1.0,,,,,,
813,14,Uttarārcika,3.0,4,2.0,1.0,,,,,,
814,14,Uttarārcika,3.0,4,2.0,1.0,,,,,,
815,15,Uttarārcika,3.0,5,2.0,1.0,,,,,,
816,15,Uttarārcika,3.0,5,2.0,1.0,,,,,,
817,15,Uttarārcika,3.0,5,2.0,1.0,,,,,,
818,16,Uttarārcika,3.0,5,2.0,1.0,,,,,,
819,16,Uttarārcika,3.0,5,2.0,1.0,,,,,,
820,16,Uttarārcika,3.0,5,2.0,1.0,,,,,,
821,17,Uttarārcika,3.0,5,2.0,1.0,,,,,,
822,17,Uttarārcika,3.0,5,2.0,1.0,,,,,,
823,17,Uttarārcika,3.0,5,2.0,1.0,,,,,,
824,18,Uttarārcika,3.0,6,2.0,1.0,,,,,,
825,18,Uttarārcika,3.0,6,2.0,1.0,,,,,,
826,18,Uttarārcika,3.0,6,2.0,1.0,,,,,,
827,19,Uttarārcika,3.0,6,2.0,1.0,,,,,,
828,19,Uttarārcika,3.0,6,2.0,1.0,,,,,,
829,19,Uttarārcika,3.0,6,2.0,1.0,,,,,,
830,1,Uttarārcika,4.0,1,2.0,2.0,,,,,,
831,1,Uttarārcika,4.0,1,2.0,2.0,,,,,,
832,1,Uttarārcika,4.0,1,2.0,2.0,,,,,,
833,2,Uttarārcika,4.0,1,2.0,2.0,,,,,,
834,2,Uttarārcika,4.0,1,2.0,2.0,,,,,,
835,2,Uttarārcika,4.0,1,2.0,2.0,,,,,,
836,3,Uttarārcika,4.0,1,2.0,2.0,,,,,,
837,3,Uttarārcika,4.0,1,2.0,2.0,,,,,,
838,3,Uttarārcika,4.0,1,2.0,2.0,,,,,,
839,3,Uttarārcika,4.0,1,2.0,2.0,,,,,,
840,3,Uttarārcika,4.0,1,2.0,2.0,,,,,,
841,4,Uttarārcika,4.0,1,2.0,2.0,,,,,,
842,4,Uttarārcika,4.0,1,2.0,2.0,,,,,,
843,4,Uttarārcika,4.0,1,2.0,2.0,,,,,,
844,5,Uttarārcika,4.0,2,2.0,2.0,,,,,,
845,5,Uttarārcika,4.0,2,2.0,2.0,,,,,,
846,5,Uttarārcika,4.0,2,2.0,2.0,,,,,,
847,6,Uttarārcika,4.0,2,2.0,2.0,,,,,,
848,6,Uttarārcika,4.0,2,2.0,2.0,,,,,,
849,6,Uttarārcika,4.0,2,2.0,2.0,,,,,,
850,7,Uttarārcika,4.0,2,2.0,2.0,,,,,,
851,7,Uttarārcika,4.0,2,2.0,2.0,,,,,,
852,7,Uttarārcika,4.0,2,2.0,2.0,,,,,,
853,8,Uttarārcika,4.0,2,2.0,2.0,,,,,,
854,8,Uttarārcika,4.0,2,2.0,2.0,,,,,,
855,8,Uttarārcika,4.0,2,2.0,2.0,,,,,,
856,9,Uttarārcika,4.0,3,2.0,2.0,,,,,,
857,9,Uttarārcika,4.0,3,2.0,2.0,,,,,,
858,9,Uttarārcika,4.0,3,2.0,2.0,,,,,,
859,10,Uttarārcika,4.0,3,2.0,2.0,,,,,,
860,10,Uttarārcika,4.0,3,2.0,2.0,,,,,,
861,10,Uttarārcika,4.0,3,2.0,2.0,,,,,,
862,11,Uttarārcika,4.0,4,2.0,2.0,,,,,,
863,11,Uttarārcika,4.0,4,2.0,2.0,,,,,,
864,12,Uttarārcika,4.0,4,2.0,2.0,,,,,,
865,12,Uttarārcika,4.0,4,2.0,2.0,,,,,,
866,12,Uttarārcika,4.0,4,2.0,2.0,,,,,,
867,13,Uttarārcika,4.0,4,2.0,2.0,,,,,,
868,13,Uttarārcika,4.0,4,2.0,2.0,,,,,,
869,14,Uttarārcika,4.0,5,2.0,2.0,,,,,,
870,14,Uttarārcika,4.0,5,2.0,2.0,,,,,,
871,14,Uttarārcika,4.0,5,2.0,2.0,,,,,,
872,15,Uttarārcika,4.0,5,2.0,2.0,,,,,,
873,15,Uttarārcika,4.0,5,2.0,2.0,,,,,,
874,15,Uttarārcika,4.0,5,2.0,2.0,,,,,,
875,16,Uttarārcika,4.0,5,2.0,2.0,,,,,,
876,16,Uttarārcika,4.0,5,2.0,2.0,,,,,,
877,16,Uttarārcika,4.0,5,2.0,2.0,,,,,,
878,17,Uttarārcika,4.0,6,2.0,2.0,,,,,,
879,17,Uttarārcika,4.0,6,2.0,2.0,,,,,,
880,18,Uttarārcika,4.0,6,2.0,2.0,,,,,,
881,18,Uttarārcika,4.0,6,2.0,2.0,,,,,,
882,18,Uttarārcika,4.0,6,2.0,2.0,,,,,,
883,19,Uttarārcika,4.0,6,2.0,2.0,,,,,,
884,19,Uttarārcika,4.0,6,2.0,2.0,,,,,,
885,19,Uttarārcika,4.0,6,2.0,2.0,,,,,,
886,1,Uttarārcika,5.0,1,3.0,1.0,,,,,,
887,1,Uttarārcika,5.0,1,3.0,1.0,,,,,,
888,1,Uttarārcika,5.0,1,3.0,1.0,,,,,,
889,2,Uttarārcika,5.0,1,3.0,1.0,,,,,,
890,2,Uttarārcika,5.0,1,3.0,1.0,,,,,,
891,2,Uttarārcika,5.0,1,3.0,1.0,,,,,,
892,3,Uttarārcika,5.0,1,3.0,1.0,,,,,,
893,3,Uttarārcika,5.0,1,3.0,1.0,,,,,,
894,3,Uttarārcika,5.0,1,3.0,1.0,,,,,,
895,3,Uttarārcika,5.0,1,3.0,1.0,,,,,,
896,3,Uttarārcika,5.0,1,3.0,1.0,,,,,,
897,3,Uttarārcika,5.0,1,3.0,1.0,,,,,,
898,4,Uttarārcika,5.0,2,3.0,1.0,,,,,,
899,4,Uttarārcika,5.0,2,3.0,1.0,,,,,,
900,4,Uttarārcika,5.0,2,3.0,1.0,,,,,,
901,4,Uttarārcika,5.0,2,3.0,1.0,,,,,,
902,4,Uttarārcika,5.0,2,3.0,1.0,,,,,,
903,4,Uttarārcika,5.0,2,3.0,1.0,,,,,,
904,5,Uttarārcika,5.0,2,3.0,1.0,,,,,,
905,5,Uttarārcika,5.0,2,3.0,1.0,,,,,,
906,5,Uttarārcika,5.0,2,3.0,1.0,,,,,,
907,6,Uttarārcika,5.0,3,3.0,1.0,,,,,,
908,6,Uttarārcika,5.0,3,3.0,1.0,,,,,,
909,6,Uttarārcika,5.0,3,3.0,1.0,,,,,,
910,7,Uttarārcika,5.0,3,3.0,1.0,,,,,,
911,7,Uttarārcika,5.0,3,3.0,1.0,,,,,,
912,7,Uttarārcika,5.0,3,3.0,1.0,,,,,,
913,8,Uttarārcika,5.0,3,3.0,1.0,,,,,,
914,8,Uttarārcika,5.0,3,3.0,1.0,,,,,,
915,8,Uttarārcika,5.0,3,3.0,1.0,,,,,,
916,9,Uttarārcika,5.0,3,3.0,1.0,,,,,,
917,9,Uttarārcika,5.0,3,3.0,1.0,,,,,,
918,9,Uttarārcika,5.0,3,3.0,1.0,,,,,,
919,10,Uttarārcika,5.0,4,3.0,1.0,,,,,,
920,10,Uttarārcika,5.0,4,3.0,1.0,,,,,,
921,10,Uttarārcika,5.0,4,3.0,1.0,,,,,,
922,11,Uttarārcika,5.0,4,3.0,1.0,,,,,,
923,11,Uttarārcika,5.0,4,3.0,1.0,,,,,,
924,12,Uttarārcika,5.0,4,3.0,1.0,,,,,,
925,12,Uttarārcika,5.0,4,3.0,1.0,,,,,,
926,12,Uttarārcika,5.0,4,3.0,1.0,,,,,,
927,13,Uttarārcika,5.0,5,3.0,1.0,,,,,,
928,13,Uttarārcika,5.0,5,3.0,1.0,,,,,,
929,13,Uttarārcika,5.0,5,3.0,1.0,,,,,,
930,14,Uttarārcika,5.0,5,3.0,1.0,,,,,,
931,14,Uttarārcika,5.0,5,3.0,1.0,,,,,,
932,14,Uttarārcika,5.0,5,3.0,1.0,,,,,,
933,15,Uttarārcika,5.0,5,3.0,1.0,,,,,,
934,15,Uttarārcika,5.0,5,3.0,1.0,,,,,,
935,16,Uttarārcika,5.0,6,3.0,1.0,,,,,,
936,16,Uttarārcika,5.0,6,3.0,1.0,,,,,,
937,16,Uttarārcika,5.0,6,3.0,1.0,,,,,,
938,17,Uttarārcika,5.0,6,3.0,1.0,,,,,,
939,17,Uttarārcika,5.0,6,3.0,1.0,,,,,,
940,18,Uttarārcika,5.0,6,3.0,1.0,,,,,,
941,18,Uttarārcika,5.0,6,3.0,1.0,,,,,,
942,18,Uttarārcika,5.0,6,3.0,1.0,,,,,,
943,19,Uttarārcika,5.0,6,3.0,1.0,,,,,,
944,19,Uttarārcika,5.0,6,3.0,1.0,,,,,,
945,19,Uttarārcika,5.0,6,3.0,1.0,,,,,,
946,20,Uttarārcika,5.0,7,3.0,1.0,,,,,,
947,20,Uttarārcika,5.0,7,3.0,1.0,,,,,,
948,20,Uttarārcika,5.0,7,3.0,1.0,,,,,,
949,21,Uttarārcika,5.0,7,3.0,1.0,,,,,,
950,21,Uttarārcika,5.0,7,3.0,1.0,,,,,,
951,21,Uttarārcika,5.0,7,3.0,1.0,,,,,,
952,22,Uttarārcika,5.0,7,3.0,1.0,,,,,,
953,22,Uttarārcika,5.0,7,3.0,1.0,,,,,,
954,22,Uttarārcika,5.0,7,3.0,1.0,,,,,,
955,1,Uttarārcika,6.0,1,3.0,2.0,,,,,,
956,1,Uttarārcika,6.0,1,3.0,2.0,,,,,,
957,1,Uttarārcika,6.0,1,3.0,2.0,,,,,,
958,2,Uttarārcika,6.0,1,3.0,2.0,,,,,,
959,2,Uttarārcika,6.0,1,3.0,2.0,,,,,,
960,2,Uttarārcika,6.0,1,3.0,2.0,,,,,,
961,3,Uttarārcika,6.0,1,3.0,2.0,,,,,,
962,3,Uttarārcika,6.0,1,3.0,2.0,,,,,,
963,3,Uttarārcika,6.0,1,3.0,2.0,,,,,,
964,3,Uttarārcika,6.0,1,3.0,2.0,,,,,,
965,3,Uttarārcika,6.0,1,3.0,2.0,,,,,,
966,3,Uttarārcika,6.0,1,3.0,2.0,,,,,,
967,3,Uttarārcika,6.0,1,3.0,2.0,,,,,,
968,4,Uttarārcika,6.0,2,3.0,2.0,,,,,,
969,4,Uttarārcika,6.0,2,3.0,2.0,,,,,,
970,4,Uttarārcika,6.0,2,3.0,2.0,,,,,,
971,4,Uttarārcika,6.0,2,3.0,2.0,,,,,,
972,4,Uttarārcika,6.0,2,3.0,2.0,,,,,,
973,4,Uttarārcika,6.0,2,3.0,2.0,,,,,,
974,4,Uttarārcika,6.0,2,3.0,2.0,,,,,,
975,5,Uttarārcika,6.0,2,3.0,2.0,,,,,,
976,5,Uttarārcika,6.0,2,3.0,2.0,,,,,,
977,5,Uttarārcika,6.0,2,3.0,2.0,,,,,,
978,5,Uttarārcika,6.0,2,3.0,2.0,,,,,,
979,6,Uttarārcika,6.0,2,3.0,2.0,,,,,,
980,6,Uttarārcika,6.0,2,3.0,2.0,,,,,,
981,6,Uttarārcika,6.0,2,3.0,2.0,,,,,,
982,7,Uttarārcika,6.0,3,3.0,2.0,,,,,,
983,7,Uttarārcika,6.0,3,3.0,2.0,,,,,,
984,7,Uttarārcika,6.0,3,3.0,2.0,,,,,,
985,8,Uttarārcika,6.0,3,3.0,2.0,,,,,,
986,8,Uttarārcika,6.0,3,3.0,2.0,,,,,,
987,8,Uttarārcika,6.0,3,3.0,2.0,,,,,,
988,9,Uttarārcika,6.0,3,3.0,2.0,,,,,,
989,9,Uttarārcika,6.0,3,3.0,2.0,,,,,,
990,9,Uttarārcika,6.0,3,3.0,2.0,,,,,,
991,10,Uttarārcika,6.0,3,3.0,2.0,,,,,,
992,10,Uttarārcika,6.0,3,3.0,2.0,,,,,,
993,10,Uttarārcika,6.0,3,3.0,2.0,,,,,,
994,11,Uttarārcika,6.0,4,3.0,2.0,,,,,,
995,11,Uttarārcika,6.0,4,3.0,2.0,,,,,,
996,11,Uttarārcika,6.0,4,3.0,2.0,,,,,,
997,12,Uttarārcika,6.0,4,3.0,2.0,,,,,,
998,12,Uttarārcika,6.0,4,3.0,2.0,,,,,,
999,13,Uttarārcika,6.0,4,3.0,2.0,,,,,,
1000,13,Uttarārcika,6.0,4,3.0,2.0,,,,,,
1001,13,Uttarārcika,6.0,4,3.0,2.0,,,,,,
1002,14,Uttarārcika,6.0,5,3.0,2.0,,,,,,
1003,14,Uttarārcika,6.0,5,3.0,2.0,,,,,,
1004,14,Uttarārcika,6.0,5,3.0,2.0,,,,,,
1005,15,Uttarārcika,6.0,5,3.0,2.0,,,,,,
1006,15,Uttarārcika,6.0,5,3.0,2.0,,,,,,
1007,15,Uttarārcika,6.0,5,3.0,2.0,,,,,,
1008,16,Uttarārcika,6.0,6,3.0,2.0,,,,,,
1009,16,Uttarārcika,6.0,6,3.0,2.0,,,,,,
1010,16,Uttarārcika,6.0,6,3.0,2.0,,,,,,
1011,17,Uttarārcika,6.0,6,3.0,2.0,,,,,,
1012,17,Uttarārcika,6.0,6,3.0,2.0,,,,,,
1013,18,Uttarārcika,6.0,6,3.0,2.0,,,,,,
1014,18,Uttarārcika,6.0,6,3.0,2.0,,,,,,
1015,18,Uttarārcika,6.0,6,3.0,2.0,,,,,,
1016,19,Uttarārcika,6.0,6,3.0,2.0,,,,,,
1017,19,Uttarārcika,6.0,6,3.0,2.0,,,,,,
1018,19,Uttarārcika,6.0,6,3.0,2.0,,,,,,
1019,20,Uttarārcika,6.0,6,3.0,2.0,,,,,,
1020,20,Uttarārcika,6.0,6,3.0,2.0,,,,,,
1021,20,Uttarārcika,6.0,6,3.0,2.0,,,,,,
1022,21,Uttarārcika,6.0,7,3.0,2.0,,,,,,
1023,21,Uttarārcika,6.0,7,3.0,2.0,,,,,,
1024,21,Uttarārcika,6.0,7,3.0,2.0,,,,,,
1025,22,Uttarārcika,6.0,7,3.0,2.0,,,,,,
1026,22,Uttarārcika,6.0,7,3.0,2.0,,,,,,
1027,22,Uttarārcika,6.0,7,3.0,2.0,,,,,,
1028,23,Uttarārcika,6.0,7,3.0,2.0,,,,,,
1029,23,Uttarārcika,6.0,7,3.0,2.0,,,,,,
1030,23,Uttarārcika,6.0,7,3.0,2.0,,,,,,
1031,1,Uttarārcika,7.0,1,4.0,1.0,,,,,,
1032,1,Uttarārcika,7.0,1,4.0,1.0,,,,,,
1033,1,Uttarārcika,7.0,1,4.0,1.0,,,,,,
1034,2,Uttarārcika,7.0,1,4.0,1.0,,,,,,
1035,2,Uttarārcika,7.0,1,4.0,1.0,,,,,,
1036,2,Uttarārcika,7.0,1,4.0,1.0,,,,,,
1037,3,Uttarārcika,7.0,1,4.0,1.0,,,,,,
1038,3,Uttarārcika,7.0,1,4.0,1.0,,,,,,
1039,3,Uttarārcika,7.0,1,4.0,1.0,,,,,,
1040,3,Uttarārcika,7.0,1,4.0,1.0,,,,,,
1041,3,Uttarārcika,7.0,1,4.0,1.0,,,,,,
1042,3,Uttarārcika,7.0,1,4.0,1.0,,,,,,
1043,3,Uttarārcika,7.0,1,4.0,1.0,,,,,,
1044,3,Uttarārcika,7.0,1,4.0,1.0,,,,,,
1045,3,Uttarārcika,7.0,1,4.0,1.0,,,,,,
1046,3,Uttarārcika,7.0,1,4.0,1.0,,,,,,
1047,4,Uttarārcika,7.0,2,4.0,1.0,,,,,,
1048,4,Uttarārcika,7.0,2,4.0,1.0,,,,,,
1049,4,Uttarārcika,7.0,2,4.0,1.0,,,,,,
1050,4,Uttarārcika,7.0,2,4.0,1.0,,,,,,
1051,4,Uttarārcika,7.0,2,4.0,1.0,,,,,,
1052,4,Uttarārcika,7.0,2,4.0,1.0,,,,,,
1053,4,Uttarārcika,7.0,2,4.0,1.0,,,,,,
1054,4,Uttarārcika,7.0,2,4.0,1.0,,,,,,
1055,4,Uttarārcika,7.0,2,4.0,1.0,,,,,,
1056,4,Uttarārcika,7.0,2,4.0,1.0,,,,,,
1057,5,Uttarārcika,7.0,2,4.0,1.0,,,,,,
1058,5,Uttarārcika,7.0,2,4.0,1.0,,,,,,
1059,5,Uttarārcika,7.0,2,4.0,1.0,,,,,,
1060,5,Uttarārcika,7.0,2,4.0,1.0,,,,,,
1061,6,Uttarārcika,7.0,2,4.0,1.0,,,,,,
1062,6,Uttarārcika,7.0,2,4.0,1.0,,,,,,
1063,6,Uttarārcika,7.0,2,4.0,1.0,,,,,,
1064,7,Uttarārcika,7.0,2,4.0,1.0,,,,,,
1065,7,Uttarārcika,7.0,2,4.0,1.0,,,,,,
1066,7,Uttarārcika,7.0,2,4.0,1.0,,,,,,
1067,8,Uttarārcika,7.0,3,4.0,1.0,,,,,,
1068,8,Uttarārcika,7.0,3,4.0,1.0,,,,,,
1069,8,Uttarārcika,7.0,3,4.0,1.0,,,,,,
1070,9,Uttarārcika,7.0,3,4.0,1.0,,,,,,
1071,9,Uttarārcika,7.0,3,4.0,1.0,,,,,,
1072,9,Uttarārcika,7.0,3,4.0,1.0,,,,,,
1073,10,Uttarārcika,7.0,3,4.0,1.0,,,,,,
1074,10,Uttarārcika,7.0,3,4.0,1.0,,,,,,
1075,10,Uttarārcika,7.0,3,4.0,1.0,,,,,,
1076,11,Uttarārcika,7.0,4,4.0,1.0,,,,,,
1077,11,Uttarārcika,7.0,4,4.0,1.0,,,,,,
1078,11,Uttarārcika,7.0,4,4.0,1.0,,,,,,
1079,12,Uttarārcika,7.0,4,4.0,1.0,,,,,,
1080,12,Uttarārcika,7.0,4,4.0,1.0,,,,,,
1081,13,Uttarārcika,7.0,4,4.0,1.0,,,,,,
1082,13,Uttarārcika,7.0,4,4.0,1.0,,,,,,
1083,13,Uttarārcika,7.0,4,4.0,1.0,,,,,,
1084,14,Uttarārcika,7.0,5,4.0,1.0,,,,,,
1085,14,Uttarārcika,7.0,5,4.0,1.0,,,,,,
1086,14,Uttarārcika,7.0,5,4.0,1.0,,,,,,
1087,15,Uttarārcika,7.0,5,4.0,1.0,,,,,,
1088,15,Uttarārcika,7.0,5,4.0,1.0,,,,,,
1089,15,Uttarārcika,7.0,5,4.0,1.0,,,,,,
1090,16,Uttarārcika,7.0,5,4.0,1.0,,,,,,
1091,16,Uttarārcika,7.0,5,4.0,1.0,,,,,,
1092,16,Uttarārcika,7.0,5,4.0,1.0,,,,,,
1093,17,Uttarārcika,7.0,6,4.0,1.0,,,,,,
1094,17,Uttarārcika,7.0,6,4.0,1.0,,,,,,
1095,17,Uttarārcika,7.0,6,4.0,1.0,,,,,,
1096,18,Uttarārcika,7.0,6,4.0,1.0,,,,,,
1097,18,Uttarārcika,7.0,6,4.0,1.0,,,,,,
1098,19,Uttarārcika,7.0,6,4.0,1.0,,,,,,
1099,19,Uttarārcika,7.0,6,4.0,1.0,,,,,,
1100,19,Uttarārcika,7.0,6,4.0,1.0,,,,,,
1101,20,Uttarārcika,7.0,6,4.0,1.0,,,,,,
1102,20,Uttarārcika,7.0,6,4.0,1.0,,,,,,
1103,20,Uttarārcika,7.0,6,4.0,1.0,,,,,,
1104,21,Uttarārcika,7.0,6,4.0,1.0,,,,,,
1105,21,Uttarārcika,7.0,6,4.0,1.0,,,,,,
1106,21,Uttarārcika,7.0,6,4.0,1.0,,,,,,
1107,22,Uttarārcika,7.0,7,4.0,1.0,,,,,,
1108,22,Uttarārcika,7.0,7,4.0,1.0,,,,,,
1109,22,Uttarārcika,7.0,7,4.0,1.0,,,,,,
1110,23,Uttarārcika,7.0,7,4.0,1.0,,,,,,
1111,23,Uttarārcika,7.0,7,4.0,1.0,,,,,,
1112,23,Uttarārcika,7.0,7,4.0,1.0,,,,,,
1113,24,Uttarārcika,7.0,7,4.0,1.0,,,,,,
1114,24,Uttarārcika,7.0,7,4.0,1.0,,,,,,
1115,24,Uttarārcika,7.0,7,4.0,1.0,,,,,,
1116,1,Uttarārcika,8.0,1,4.0,2.0,,,,,,
1117,1,Uttarārcika,8.0,1,4.0,2.0,,,,,,
1118,1,Uttarārcika,8.0,1,4.0,2.0,,,,,,
1119,1,Uttarārcika,8.0,1,4.0,2.0,,,,,,
1120,1,Uttarārcika,8.0,1,4.0,2.0,,,,,,
1121,1,Uttarārcika,8.0,1,4.0,2.0,,,,,,
1122,1,Uttarārcika,8.0,1,4.0,2.0,,,,,,
1123,1,Uttarārcika,8.0,1,4.0,2.0,,,,,,
1124,1,Uttarārcika,8.0,1,4.0,2.0,,,,,,
1125,1,Uttarārcika,8.0,1,4.0,2.0,,,,,,
1126,1,Uttarārcika,8.0,1,4.0,2.0,,,,,,
1127,1,Uttarārcika,8.0,1,4.0,2.0,,,,,,
1128,2,Uttarārcika,8.0,2,4.0,2.0,,,,,,
1129,2,Uttarārcika,8.0,2,4.0,2.0,,,,,,
1130,2,Uttarārcika,8.0,2,4.0,2.0,,,,,,
1131,2,Uttarārcika,8.0,2,4.0,2.0,,,,,,
1132,2,Uttarārcika,8.0,2,4.0,2.0,,,,,,
1133,2,Uttarārcika,8.0,2,4.0,2.0,,,,,,
1134,2,Uttarārcika,8.0,2,4.0,2.0,,,,,,
1135,2,Uttarārcika,8.0,2,4.0,2.0,,,,,,
1136,2,Uttarārcika,8.0,2,4.0,2.0,,,,,,
1137,2,Uttarārcika,8.0,2,4.0,2.0,,,,,,
1138,2,Uttarārcika,8.0,2,4.0,2.0,,,,,,
1139,2,Uttarārcika,8.0,2,4.0,2.0,,,,,,
1140,3,Uttarārcika,8.0,3,4.0,2.0,,,,,,
1141,3,Uttarārcika,8.0,3,4.0,2.0,,,,,,
1142,3,Uttarārcika,8.0,3,4.0,2.0,,,,,,
1143,4,Uttarārcika,8.0,3,4.0,2.0,,,,,,
1144,4,Uttarārcika,8.0,3,4.0,2.0,,,,,,
1145,4,Uttarārcika,8.0,3,4.0,2.0,,,,,,
1146,5,Uttarārcika,8.0,3,4.0,2.0,,,,,,
1147,5,Uttarārcika,8.0,3,4.0,2.0,,,,,,
1148,5,Uttarārcika,8.0,3,4.0,2.0,,,,,,
1149,6,Uttarārcika,8.0,3,4.0,2.0,,,,,,
1150,6,Uttarārcika,8.0,3,4.0,2.0,,,,,,
1151,6,Uttarārcika,8.0,3,4.0,2.0,,,,,,
1152,7,Uttarārcika,8.0,4,4.0,2.0,,,,,,
1153,7,Uttarārcika,8.0,4,4.0,2.0,,,,,,
1154,7,Uttarārcika,8.0,4,4.0,2.0,,,,,,
1155,8,Uttarārcika,8.0,4,4.0,2.0,,,,,,
1156,8,Uttarārcika,8.0,4,4.0,2.0,,,,,,
1157,9,Uttarārcika,8.0,5,4.0,2.0,,,,,,
1158,9,Uttarārcika,8.0,5,4.0,2.0,,,,,,
1159,9,Uttarārcika,8.0,5,4.0,2.0,,,,,,
1160,10,Uttarārcika,8.0,5,4.0,2.0,,,,,,
1161,10,Uttarārcika,8.0,5,4.0,2.0,,,,,,
1162,10,Uttarārcika,8.0,5,4.0,2.0,,,,,,
1163,11,Uttarārcika,8.0,5,4.0,2.0,,,,,,
1164,11,Uttarārcika,8.0,5,4.0,2.0,,,,,,
1165,11,Uttarārcika,8.0,5,4.0,2.0,,,,,,
1166,12,Uttarārcika,8.0,6,4.0,2.0,,,,,,
1167,12,Uttarārcika,8.0,6,4.0,2.0,,,,,,
1168,12,Uttarārcika,8.0,6,4.0,2.0,,,,,,
1169,13,Uttarārcika,8.0,6,4.0,2.0,,,,,,
1170,13,Uttarārcika,8.0,6,4.0,2.0,,,,,,
1171,13,Uttarārcika,8.0,6,4.0,2.0,,,,,,
1172,14,Uttarārcika,8.0,6,4.0,2.0,,,,,,
1173,14,Uttarārcika,8.0,6,4.0,2.0,,,,,,
1174,14,Uttarārcika,8.0,6,4.0,2.0,,,,,,
1175,1,Uttarārcika,9.0,1,5.0,1.0,,,,,,
1176,1,Uttarārcika,9.0,1,5.0,1.0,,,,,,
1177,1,Uttarārcika,9.0,1,5.0,1.0,,,,,,
1178,2,Uttarārcika,9.0,1,5.0,1.0,,,,,,
1179,2,Uttarārcika,9.0,1,5.0,1.0,,,,,,
1180,2,Uttarārcika,9.0,1,5.0,1.0,,,,,,
1181,2,Uttarārcika,9.0,1,5.0,1.0,,,,,,
1182,2,Uttarārcika,9.0,1,5.0,1.0,,,,,,
1183,2,Uttarārcika,9.0,1,5.0,1.0,,,,,,
1184,2,Uttarārcika,9.0,1,5.0,1.0,,,,,,
1185,2,Uttarārcika,9.0,1,5.0,1.0,,,,,,
1186,2,Uttarārcika,9.0,1,5.0,1.0,,,,,,
1187,3,Uttarārcika,9.0,2,5.0,1.0,,,,,,
1188,3,Uttarārcika,9.0,2,5.0,1.0,,,,,,
1189,3,Uttarārcika,9.0,2,5.0,1.0,,,,,,
1190,3,Uttarārcika,9.0,2,5.0,1.0,,,,,,
1191,3,Uttarārcika,9.0,2,5.0,1.0,,,,,,
1192,3,Uttarārcika,9.0,2,5.0,1.0,,,,,,
1193,3,Uttarārcika,9.0,2,5.0,1.0,,,,,,
1194,3,Uttarārcika,9.0,2,5.0,1.0,,,,,,
1195,3,Uttarārcika,9.0,2,5.0,1.0,,,,,,
1196,4,Uttarārcika,9.0,3,5.0,1.0,,,,,,
1197,4,Uttarārcika,9.0,3,5.0,1.0,,,,,,
1198,4,Uttarārcika,9.0,3,5.0,1.0,,,,,,
1199,4,Uttarārcika,9.0,3,5.0,1.0,,,,,,
1200,4,Uttarārcika,9.0,3,5.0,1.0,,,,,,
1201,4,Uttarārcika,9.0,3,5.0,1.0,,,,,,
1202,4,Uttarārcika,9.0,3,5.0,1.0,,,,,,
1203,4,Uttarārcika,9.0,3,5.0,1.0,,,,,,
1204,4,Uttarārcika,9.0,3,5.0,1.0,,,,,,
1205,5,Uttarārcika,9.0,4,5.0,1.0,,,,,,
1206,5,Uttarārcika,9.0,4,5.0,1.0,,,,,,
1207,5,Uttarārcika,9.0,4,5.0,1.0,,,,,,
1208,5,Uttarārcika,9.0,4,5.0,1.0,,,,,,
1209,5,Uttarārcika,9.0,4,5.0,1.0,,,,,,
1210,6,Uttarārcika,9.0,5,5.0,1.0,,,,,,
1211,6,Uttarārcika,9.0,5,5.0,1.0,,,,,,
1212,6,Uttarārcika,9.0,5,5.0,1.0,,,,,,
1213,7,Uttarārcika,9.0,5,5.0,1.0,,,,,,
1214,7,Uttarārcika,9.0,5,5.0,1.0,,,,,,
1215,7,Uttarārcika,9.0,5,5.0,1.0,,,,,,
1216,8,Uttarārcika,9.0,5,5.0,1.0,,,,,,
1217,8,Uttarārcika,9.0,5,5.0,1.0,,,,,,
1218,8,Uttarārcika,9.0,5,5.0,1.0,,,,,,
1219,9,Uttarārcika,9.0,6,5.0,1.0,,,,,,
1220,9,Uttarārcika,9.0,6,5.0,1.0,,,,,,
1221,9,Uttarārcika,9.0,6,5.0,1.0,,,,,,
1222,10,Uttarārcika,9.0,6,5.0,1.0,,,,,,
1223,10,Uttarārcika,9.0,6,5.0,1.0,,,,,,
1224,10,Uttarārcika,9.0,6,5.0,1.0,,,,,,
1225,11,Uttarārcika,9.0,7,5.0,1.0,,,,,,
1226,11,Uttarārcika,9.0,7,5.0,1.0,,,,,,
1227,11,Uttarārcika,9.0,7,5.0,1.0,,,,,,
1228,12,Uttarārcika,9.0,7,5.0,1.0,,,,,,
1229,12,Uttarārcika,9.0,7,5.0,1.0,,,,,,
1230,12,Uttarārcika,9.0,7,5.0,1.0,,,,,,
1231,13,Uttarārcika,9.0,7,5.0,1.0,,,,,,
1232,13,Uttarārcika,9.0,7,5.0,1.0,,,,,,
1233,14,Uttarārcika,9.0,7,5.0,1.0,,,,,,
1234,14,Uttarārcika,9.0,7,5.0,1.0,,,,,,
1235,15,Uttarārcika,9.0,8,5.0,1.0,,,,,,
1236,15,Uttarārcika,9.0,8,5.0,1.0,,,,,,
1237,15,Uttarārcika,9.0,8,5.0,1.0,,,,,,
1238,16,Uttarārcika,9.0,8,5.0,1.0,,,,,,
1239,16,Uttarārcika,9.0,8,5.0,1.0,,,,,,
1240,16,Uttarārcika,9.0,8,5.0,1.0,,,,,,
1241,17,Uttarārcika,9.0,8,5.0,1.0,,,,,,
1242,17,Uttarārcika,9.0,8,5.0,1.0,,,,,,
1243,17,Uttarārcika,9.0,8,5.0,1.0,,,,,,
1244,18,Uttarārcika,9.0,9,5.0,1.0,,,,,,
1245,18,Uttarārcika,9.0,9,5.0,1.0,,,,,,
1246,18,Uttarārcika,9.0,9,5.0,1.0,,,,,,
1247,19,Uttarārcika,9.0,9,5.0,1.0,,,,,,
1248,19,Uttarārcika,9.0,9,5.0,1.0,,,,,,
1249,19,Uttarārcika,9.0,9,5.0,1.0,,,,,,
1250,20,Uttarārcika,9.0,9,5.0,1.0,,,,,,
1251,20,Uttarārcika,9.0,9,5.0,1.0,,,,,,
1252,20,Uttarārcika,9.0,9,5.0,1.0,,,,,,
1253,1,Uttarārcika,10.0,1,5.0,2.0,,,,,,
1254,1,Uttarārcika,10.0,1,5.0,2.0,,,,,,
1255,1,Uttarārcika,10.0,1,5.0,2.0,,,,,,
1256,2,Uttarārcika,10.0,1,5.0,2.0,,,,,,
1257,2,Uttarārcika,10.0,1,5.0,2.0,,,,,,
1258,2,Uttarārcika,10.0,1,5.0,2.0,,,,,,
1259,2,Uttarārcika,10.0,1,5.0,2.0,,,,,,
1260,2,Uttarārcika,10.0,1,5.0,2.0,,,,,,
1261,2,Uttarārcika,10.0,1,5.0,2.0,,,,,,
1262,2,Uttarārcika,10.0,1,5.0,2.0,,,,,,
1263,2,Uttarārcika,10.0,1,5.0,2.0,,,,,,
1264,2,Uttarārcika,10.0,1,5.0,2.0,,,,,,
1265,2,Uttarārcika,10.0,1,5.0,2.0,,,,,,
1266,3,Uttarārcika,10.0,2,5.0,2.0,,,,,,
1267,3,Uttarārcika,10.0,2,5.0,2.0,,,,,,
1268,3,Uttarārcika,10.0,2,5.0,2.0,,,,,,
1269,3,Uttarārcika,10.0,2,5.0,2.0,,,,,,
1270,3,Uttarārcika,10.0,2,5.0,2.0,,,,,,
1271,3,Uttarārcika,10.0,2,5.0,2.0,,,,,,
1272,3,Uttarārcika,10.0,2,5.0,2.0,,,,,,
1273,3,Uttarārcika,10.0,2,5.0,2.0,,,,,,
1274,4,Uttarārcika,10.0,3,5.0,2.0,,,,,,
1275,4,Uttarārcika,10.0,3,5.0,2.0,,,,,,
1276,4,Uttarārcika,10.0,3,5.0,2.0,,,,,,
1277,4,Uttarārcika,10.0,3,5.0,2.0,,,,,,
1278,4,Uttarārcika,10.0,3,5.0,2.0,,,,,,
1279,4,Uttarārcika,10.0,3,5.0,2.0,,,,,,
1280,5,Uttarārcika,10.0,4,5.0,2.0,,,,,,
1281,5,Uttarārcika,10.0,4,5.0,2.0,,,,,,
1282,5,Uttarārcika,10.0,4,5.0,2.0,,,,,,
1283,5,Uttarārcika,10.0,4,5.0,2.0,,,,,,
1284,5,Uttarārcika,10.0,4,5.0,2.0,,,,,,
1285,5,Uttarārcika,10.0,4,5.0,2.0,,,,,,
1286,6,Uttarārcika,10.0,5,5.0,2.0,,,,,,
1287,6,Uttarārcika,10.0,5,5.0,2.0,,,,,,
1288,6,Uttarārcika,10.0,5,5.0,2.0,,,,,,
1289,6,Uttarārcika,10.0,5,5.0,2.0,,,,,,
1290,6,Uttarārcika,10.0,5,5.0,2.0,,,,,,
1291,6,Uttarārcika,10.0,5,5.0,2.0,,,,,,
1292,7,Uttarārcika,10.0,6,5.0,2.0,,,,,,
1293,7,Uttarārcika,10.0,6,5.0,2.0,,,,,,
1294,7,Uttarārcika,10.0,6,5.0,2.0,,,,,,
1295,7,Uttarārcika,10.0,6,5.0,2.0,,,,,,
1296,7,Uttarārcika,10.0,6,5.0,2.0,,,,,,
1297,7,Uttarārcika,10.0,6,5.0,2.0,,,,,,
1298,8,Uttarārcika,10.0,7,5.0,2.0,,,,,,
1299,8,Uttarārcika,10.0,7,5.0,2.0,,,,,,
1300,8,Uttarārcika,10.0,7,5.0,2.0,,,,,,
1301,8,Uttarārcika,10.0,7,5.0,2.0,,,,,,
1302,8,Uttarārcika,10.0,7,5.0,2.0,,,,,,
1303,8,Uttarārcika,10.0,7,5.0,2.0,,,,,,
1304,9,Uttarārcika,10.0,8,5.0,2.0,,,,,,
1305,9,Uttarārcika,10.0,8,5.0,2.0,,,,,,
1306,9,Uttarārcika,10.0,8,5.0,2.0,,,,,,
1307,10,Uttarārcika,10.0,9,5.0,2.0,,,,,,
1308,10,Uttarārcika,10.0,9,5.0,2.0,,,,,,
1309,10,Uttarārcika,10.0,9,5.0,2.0,,,,,,
1310,11,Uttarārcika,10.0,9,5.0,2.0,,,,,,
1311,11,Uttarārcika,10.0,9,5.0,2.0,,,,,,
1312,11,Uttarārcika,10.0,9,5.0,2.0,,,,,,
1313,12,Uttarārcika,10.0,9,5.0,2.0,,,,,,
1314,12,Uttarārcika,10.0,9,5.0,2.0,,,,,,
1315,12,Uttarārcika,10.0,9,5.0,2.0,,,,,,
1316,13,Uttarārcika,10.0,9,5.0,2.0,,,,,,
1317,13,Uttarārcika,10.0,9,5.0,2.0,,,,,,
1318,13,Uttarārcika,10.0,9,5.0,2.0,,,,,,
1319,14,Uttarārcika,10.0,10,5.0,2.0,,,,,,
1320,14,Uttarārcika,10.0,10,5.0,2.0,,,,,,
1321,15,Uttarārcika,10.0,10,5.0,2.0,,,,,,
1322,15,Uttarārcika,10.0,10,5.0,2.0,,,,,,
1323,16,Uttarārcika,10.0,11,5.0,2.0,,,,,,
1324,16,Uttarārcika,10.0,11,5.0,2.0,,,,,,
1325,16,Uttarārcika,10.0,11,5.0,2.0,,,,,,
1326,17,Uttarārcika,10.0,11,5.0,2.0,,,,,,
1327,17,Uttarārcika,10.0,11,5.0,2.0,,,,,,
1328,17,Uttarārcika,10.0,11,5.0,2.0,,,,,,
1329,18,Uttarārcika,10.0,11,5.0,2.0,,,,,,
1330,18,Uttarārcika,10.0,11,5.0,2.0,,,,,,
1331,18,Uttarārcika,10.0,11,5.0,2.0,,,,,,
1332,19,Uttarārcika,10.0,11,5.0,2.0,,,,,,
1333,19,Uttarārcika,10.0,11,5.0,2.0,,,,,,
1334,19,Uttarārcika,10.0,11,5.0,2.0,,,,,,
1335,20,Uttarārcika,10.0,11,5.0,2.0,,,,,,
1336,20,Uttarārcika,10.0,11,5.0,2.0,,,,,,
1337,20,Uttarārcika,10.0,11,5.0,2.0,,,,,,
1338,21,Uttarārcika,10.0,12,5.0,2.0,,,,,,
1339,21,Uttarārcika,10.0,12,5.0,2.0,,,,,,
1340,21,Uttarārcika,10.0,12,5.0,2.0,,,,,,
1341,22,Uttarārcika,10.0,12,5.0,2.0,,,,,,
1342,22,Uttarārcika,10.0,12,5.0,2.0,,,,,,
1343,22,Uttarārcika,10.0,12,5.0,2.0,,,,,,
1344,23,Uttarārcika,10.0,12,5.0,2.0,,,,,,
1345,23,Uttarārcika,10.0,12,5.0,2.0,,,,,,
1346,23,Uttarārcika,10.0,12,5.0,2.0,,,,,,
1347,1,Uttarārcika,11.0,1,6.0,1.0,,,,,,
1348,1,Uttarārcika,11.0,1,6.0,1.0,,,,,,
1349,1,Uttarārcika,11.0,1,6.0,1.0,,,,,,
1350,1,Uttarārcika,11.0,1,6.0,1.0,,,,,,
1351,2,Uttarārcika,11.0,1,6.0,1.0,,,,,,
1352,2,Uttarārcika,11.0,1,6.0,1.0,,,,,,
1353,2,Uttarārcika,11.0,1,6.0,1.0,,,,,,
1354,3,Uttarārcika,11.0,1,6.0,1.0,,,,,,
1355,3,Uttarārcika,11.0,1,6.0,1.0,,,,,,
1356,3,Uttarārcika,11.0,1,6.0,1.0,,,,,,
1357,4,Uttarārcika,11.0,2,6.0,1.0,,,,,,
1358,4,Uttarārcika,11.0,2,6.0,1.0,,,,,,
1359,4,Uttarārcika,11.0,2,6.0,1.0,,,,,,
1360,5,Uttarārcika,11.0,2,6.0,1.0,,,,,,
1361,5,Uttarārcika,11.0,2,6.0,1.0,,,,,,
1362,6,Uttarārcika,11.0,2,6.0,1.0,,,,,,
1363,6,Uttarārcika,11.0,2,6.0,1.0,,,,,,
1364,7,Uttarārcika,11.0,2,6.0,1.0,,,,,,
1365,7,Uttarārcika,11.0,2,6.0,1.0,,,,,,
1366,7,Uttarārcika,11.0,2,6.0,1.0,,,,,,
1367,8,Uttarārcika,11.0,2,6.0,1.0,,,,,,
1368,8,Uttarārcika,11.0,2,6.0,1.0,,,,,,
1369,8,Uttarārcika,11.0,2,6.0,1.0,,,,,,
1370,9,Uttarārcika,11.0,3,6.0,1.0,,,,,,
1371,9,Uttarārcika,11.0,3,6.0,1.0,,,,,,
1372,9,Uttarārcika,11.0,3,6.0,1.0,,,,,,
1373,10,Uttarārcika,11.0,3,6.0,1.0,,,,,,
1374,10,Uttarārcika,11.0,3,6.0,1.0,,,,,,
1375,10,Uttarārcika,11.0,3,6.0,1.0,,,,,,
1376,11,Uttarārcika,11.0,3,6.0,1.0,,,,,,
1377,11,Uttarārcika,11.0,3,6.0,1.0,,,,,,
1378,11,Uttarārcika,11.0,3,6.0,1.0,,,,,,
1379,1,Uttarārcika,12.0,1,6.0,2.0,,,,,,
1380,1,Uttarārcika,12.0,1,6.0,2.0,,,,,,
1381,1,Uttarārcika,12.0,1,6.0,2.0,,,,,,
1382,1,Uttarārcika,12.0,1,6.0,2.0,,,,,,
1383,2,Uttarārcika,12.0,2,6.0,2.0,,,,,,
1384,2,Uttarārcika,12.0,2,6.0,2.0,,,,,,
1385,2,Uttarārcika,12.0,2,6.0,2.0,,,,,,
1386,3,Uttarārcika,12.0,2,6.0,2.0,,,,,,
1387,3,Uttarārcika,12.0,2,6.0,2.0,,,,,,
1388,3,Uttarārcika,12.0,2,6.0,2.0,,,,,,
1389,4,Uttarārcika,12.0,2,6.0,2.0,,,,,,
1390,4,Uttarārcika,12.0,2,6.0,2.0,,,,,,
1391,5,Uttarārcika,12.0,2,6.0,2.0,,,,,,
1392,5,Uttarārcika,12.0,2,6.0,2.0,,,,,,
1393,5,Uttarārcika,12.0,2,6.0,2.0,,,,,,
1394,6,Uttarārcika,12.0,2,6.0,2.0,,,,,,
1395,6,Uttarārcika,12.0,2,6.0,2.0,,,,,,
1396,7,Uttarārcika,12.0,3,6.0,2.0,,,,,,
1397,7,Uttarārcika,12.0,3,6.0,2.0,,,,,,
1398,7,Uttarārcika,12.0,3,6.0,2.0,,,,,,
1399,8,Uttarārcika,12.0,3,6.0,2.0,,,,,,
1400,8,Uttarārcika,12.0,3,6.0,2.0,,,,,,
1401,8,Uttarārcika,12.0,3,6.0,2.0,,,,,,
1402,9,Uttarārcika,12.0,3,6.0,2.0,,,,,,
1403,9,Uttarārcika,12.0,3,6.0,2.0,,,,,,
1404,9,Uttarārcika,12.0,3,6.0,2.0,,,,,,
1405,10,Uttarārcika,12.0,4,6.0,2.0,,,,,,
1406,10,Uttarārcika,12.0,4,6.0,2.0,,,,,,
1407,10,Uttarārcika,12.0,4,6.0,2.0,,,,,,
1408,11,Uttarārcika,12.0,4,6.0,2.0,,,,,,
1409,11,Uttarārcika,12.0,4,6.0,2.0,,,,,,
1410,11,Uttarārcika,12.0,4,6.0,2.0,,,,,,
1411,12,Uttarārcika,12.0,4,6.0,2.0,,,,,,
1412,12,Uttarārcika,12.0,4,6.0,2.0,,,,,,
1413,13,Uttarārcika,12.0,4,6.0,2.0,,,,,,
1414,13,Uttarārcika,12.0,4,6.0,2.0,,,,,,
1415,14,Uttarārcika,12.0,5,6.0,2.0,,,,,,
1416,14,Uttarārcika,12.0,5,6.0,2.0,,,,,,
1417,14,Uttarārcika,12.0,5,6.0,2.0,,,,,,
1418,15,Uttarārcika,12.0,5,6.0,2.0,,,,,,
1419,15,Uttarārcika,12.0,5,6.0,2.0,,,,,,
1420,15,Uttarārcika,12.0,5,6.0,2.0,,,,,,
1421,16,Uttarārcika,12.0,5,6.0,2.0,,,,,,
1422,16,Uttarārcika,12.0,5,6.0,2.0,,,,,,
1423,17,Uttarārcika,12.0,5,6.0,2.0,,,,,,
1424,17,Uttarārcika,12.0,5,6.0,2.0,,,,,,
1425,17,Uttarārcika,12.0,5,6.0,2.0,,,,,,
1426,18,Uttarārcika,12.0,6,6.0,2.0,,,,,,
1427,18,Uttarārcika,12.0,6,6.0,2.0,,,,,,
1428,18,Uttarārcika,12.0,6,6.0,2.0,,,,,,
1429,19,Uttarārcika,12.0,6,6.0,2.0,,,,,,
1430,19,Uttarārcika,12.0,6,6.0,2.0,,,,,,
1431,19,Uttarārcika,12.0,6,6.0,2.0,,,,,,
1432,20,Uttarārcika,12.0,6,6.0,2.0,,,,,,
1433,20,Uttarārcika,12.0,6,6.0,2.0,,,,,,
1434,20,Uttarārcika,12.0,6,6.0,2.0,,,,,,
1435,1,Uttarārcika,13.0,1,6.0,3.0,,,,,,
1436,1,Uttarārcika,13.0,1,6.0,3.0,,,,,,
1437,1,Uttarārcika,13.0,1,6.0,3.0,,,,,,
1438,1,Uttarārcika,13.0,1,6.0,3.0,,,,,,
1439,1,Uttarārcika,13.0,1,6.0,3.0,,,,,,
1440,2,Uttarārcika,13.0,1,6.0,3.0,,,,,,
1441,2,Uttarārcika,13.0,1,6.0,3.0,,,,,,
1442,2,Uttarārcika,13.0,1,6.0,3.0,,,,,,
1443,2,Uttarārcika,13.0,1,6.0,3.0,,,,,,
1444,3,Uttarārcika,13.0,2,6.0,3.0,,,,,,
1445,3,Uttarārcika,13.0,2,6.0,3.0,,,,,,
1446,3,Uttarārcika,13.0,2,6.0,3.0,,,,,,
1447,3,Uttarārcika,13.0,2,6.0,3.0,,,,,,
1448,3,Uttarārcika,13.0,2,6.0,3.0,,,,,,
1449,3,Uttarārcika,13.0,2,6.0,3.0,,,,,,
1450,4,Uttarārcika,13.0,2,6.0,3.0,,,,,,
1451,4,Uttarārcika,13.0,2,6.0,3.0,,,,,,
1452,4,Uttarārcika,13.0,2,6.0,3.0,,,,,,
1453,5,Uttarārcika,13.0,3,6.0,3.0,,,,,,
1454,5,Uttarārcika,13.0,3,6.0,3.0,,,,,,
1455,5,Uttarārcika,13.0,3,6.0,3.0,,,,,,
1456,6,Uttarārcika,13.0,3,6.0,3.0,,,,,,
1457,6,Uttarārcika,13.0,3,6.0,3.0,,,,,,
1458,7,Uttarārcika,13.0,3,6.0,3.0,,,,,,
1459,7,Uttarārcika,13.0,3,6.0,3.0,,,,,,
1460,8,Uttarārcika,13.0,4,6.0,3.0,,,,,,
1461,9,Uttarārcika,13.0,4,6.0,3.0,,,,,,
1462,10,Uttarārcika,13.0,4,6.0,3.0,,,,,,
1463,10,Uttarārcika,13.0,4,6.0,3.0,,,,,,
1464,10,Uttarārcika,13.0,4,6.0,3.0,,,,,,
1465,11,Uttarārcika,13.0,4,6.0,3.0,,,,,,
1466,11,Uttarārcika,13.0,4,6.0,3.0,,,,,,
1467,11,Uttarārcika,13.0,4,6.0,3.0,,,,,,
1468,12,Uttarārcika,13.0,4,6.0,3.0,,,,,,
1469,12,Uttarārcika,13.0,4,6.0,3.0,,,,,,
1470,12,Uttarārcika,13.0,4,6.0,3.0,,,,,,
1471,13,Uttarārcika,13.0,5,6.0,3.0,,,,,,
1472,13,Uttarārcika,13.0,5,6.0,3.0,,,,,,
1473,13,Uttarārcika,13.0,5,6.0,3.0,,,,,,
1474,14,Uttarārcika,13.0,5,6.0,3.0,,,,,,
1475,14,Uttarārcika,13.0,5,6.0,3.0,,,,,,
1476,14,Uttarārcika,13.0,5,6.0,3.0,,,,,,
1477,15,Uttarārcika,13.0,5,6.0,3.0,,,,,,
1478,15,Uttarārcika,13.0,5,6.0,3.0,,,,,,
1479,15,Uttarārcika,13.0,5,6.0,3.0,,,,,,
1480,16,Uttarārcika,13.0,6,6.0,3.0,,,,,,
1481,16,Uttarārcika,13.0,6,6.0,3.0,,,,,,
1482,16,Uttarārcika,13.0,6,6.0,3.0,,,,,,
1483,17,Uttarārcika,13.0,6,6.0,3.0,,,,,,
1484,17,Uttarārcika,13.0,6,6.0,3.0,,,,,,
1485,17,Uttarārcika,13.0,6,6.0,3.0,,,,,,
1486,18,Uttarārcika,13.0,6,6.0,3.0,,,,,,
1487,18,Uttarārcika,13.0,6,6.0,3.0,,,,,,
1488,18,Uttarārcika,13.0,6,6.0,3.0,,,,,,
1489,1,Uttarārcika,14.0,1,7.0,1.0,,,,,,
1490,1,Uttarārcika,14.0,1,7.0,1.0,,,,,,
1491,1,Uttarārcika,14.0,1,7.0,1.0,,,,,,
1492,2,Uttarārcika,14.0,1,7.0,1.0,,,,,,
1493,2,Uttarārcika,14.0,1,7.0,1.0,,,,,,
1494,3,Uttarārcika,14.0,1,7.0,1.0,,,,,,
1495,3,Uttarārcika,14.0,1,7.0,1.0,,,,,,
1496,3,Uttarārcika,14.0,1,7.0,1.0,,,,,,
1497,4,Uttarārcika,14.0,1,7.0,1.0,,,,,,
1498,4,Uttarārcika,14.0,1,7.0,1.0,,,,,,
1499,4,Uttarārcika,14.0,1,7.0,1.0,,,,,,
1500,5,Uttarārcika,14.0,1,7.0,1.0,,,,,,
1501,5,Uttarārcika,14.0,1,7.0,1.0,,,,,,
1502,5,Uttarārcika,14.0,1,7.0,1.0,,,,,,
1503,6,Uttarārcika,14.0,2,7.0,1.0,,,,,,
1504,6,Uttarārcika,14.0,2,7.0,1.0,,,,,,
1505,6,Uttarārcika,14.0,2,7.0,1.0,,,,,,
1506,7,Uttarārcika,14.0,2,7.0,1.0,,,,,,
1507,7,Uttarārcika,14.0,2,7.0,1.0,,,,,,
1508,7,Uttarārcika,14.0,2,7.0,1.0,,,,,,
1509,8,Uttarārcika,14.0,2,7.0,1.0,,,,,,
1510,8,Uttarārcika,14.0,2,7.0,1.0,,,,,,
1511,8,Uttarārcika,14.0,2,7.0,1.0,,,,,,
1512,9,Uttarārcika,14.0,2,7.0,1.0,,,,,,
1513,10,Uttarārcika,14.0,3,7.0,1.0,,,,,,
1514,10,Uttarārcika,14.0,3,7.0,1.0,,,,,,
1515,11,Uttarārcika,14.0,3,7.0,1.0,,,,,,
1516,11,Uttarārcika,14.0,3,7.0,1.0,,,,,,
1517,11,Uttarārcika,14.0,3,7.0,1.0,,,,,,
1518,12,Uttarārcika,14.0,3,7.0,1.0,,,,,,
1519,12,Uttarārcika,14.0,3,7.0,1.0,,,,,,
1520,12,Uttarārcika,14.0,3,7.0,1.0,,,,,,
1521,13,Uttarārcika,14.0,3,7.0,1.0,,,,,,
1522,13,Uttarārcika,14.0,3,7.0,1.0,,,,,,
1523,13,Uttarārcika,14.0,3,7.0,1.0,,,,,,
1524,14,Uttarārcika,14.0,4,7.0,1.0,,,,,,
1525,14,Uttarārcika,14.0,4,7.0,1.0,,,,,,
1526,14,Uttarārcika,14.0,4,7.0,1.0,,,,,,
1527,15,Uttarārcika,14.0,4,7.0,1.0,,,,,,
1528,15,Uttarārcika,14.0,4,7.0,1.0,,,,,,
1529,15,Uttarārcika,14.0,4,7.0,1.0,,,,,,
1530,15,Uttarārcika,14.0,4,7.0,1.0,,,,,,
1531,15,Uttarārcika,14.0,4,7.0,1.0,,,,,,
1532,16,Uttarārcika,14.0,4,7.0,1.0,,,,,,
1533,16,Uttarārcika,14.0,4,7.0,1.0,,,,,,
1534,16,Uttarārcika,14.0,4,7.0,1.0,,,,,,
1535,1,Uttarārcika,15.0,1,7.0,2.0,,,,,,
1536,1,Uttarārcika,15.0,1,7.0,2.0,,,,,,
1537,1,Uttarārcika,15.0,1,7.0,2.0,,,,,,
1538,2,Uttarārcika,15.0,1,7.0,2.0,,,,,,
1539,2,Uttarārcika,15.0,1,7.0,2.0,,,,,,
1540,2,Uttarārcika,15.0,1,7.0,2.0,,,,,,
1541,3,Uttarārcika,15.0,1,7.0,2.0,,,,,,
1542,3,Uttarārcika,15.0,1,7.0,2.0,,,,,,
1543,3,Uttarārcika,15.0,1,7.0,2.0,,,,,,
1544,4,Uttarārcika,15.0,1,7.0,2.0,,,,,,
1545,4,Uttarārcika,15.0,1,7.0,2.0,,,,,,
1546,5,Uttarārcika,15.0,2,7.0,2.0,,,,,,
1547,5,Uttarārcika,15.0,2,7.0,2.0,,,,,,
1548,5,Uttarārcika,15.0,2,7.0,2.0,,,,,,
1549,6,Uttarārcika,15.0,2,7.0,2.0,,,,,,
1550,6,Uttarārcika,15.0,2,7.0,2.0,,,,,,
1551,6,Uttarārcika,15.0,2,7.0,2.0,,,,,,
1552,7,Uttarārcika,15.0,2,7.0,2.0,,,,,,
1553,7,Uttarārcika,15.0,2,7.0,2.0,,,,,,
1554,8,Uttarārcika,15.0,2,7.0,2.0,,,,,,
1555,8,Uttarārcika,15.0,2,7.0,2.0,,,,,,
1556,9,Uttarārcika,15.0,3,7.0,2.0,,,,,,
1557,9,Uttarārcika,15.0,3,7.0,2.0,,,,,,
1558,9,Uttarārcika,15.0,3,7.0,2.0,,,,,,
1559,10,Uttarārcika,15.0,3,7.0,2.0,,,,,,
1560,10,Uttarārcika,15.0,3,7.0,2.0,,,,,,
1561,11,Uttarārcika,15.0,3,7.0,2.0,,,,,,
1562,11,Uttarārcika,15.0,3,7.0,2.0,,,,,,
1563,11,Uttarārcika,15.0,3,7.0,2.0,,,,,,
1564,12,Uttarārcika,15.0,4,7.0,2.0,,,,,,
1565,12,Uttarārcika,15.0,4,7.0,2.0,,,,,,
1566,12,Uttarārcika,15.0,4,7.0,2.0,,,,,,
1567,13,Uttarārcika,15.0,4,7.0,2.0,,,,,,
1568,13,Uttarārcika,15.0,4,7.0,2.0,,,,,,
1569,13,Uttarārcika,15.0,4,7.0,2.0,,,,,,
1570,14,Uttarārcika,15.0,4,7.0,2.0,,,,,,
1571,14,Uttarārcika,15.0,4,7.0,2.0,,,,,,
1572,14,Uttarārcika,15.0,4,7.0,2.0,,,,,,
1573,1,Uttarārcika,16.0,1,7.0,3.0,,,,,,
1574,1,Uttarārcika,16.0,1,7.0,3.0,,,,,,
1575,2,Uttarārcika,16.0,1,7.0,3.0,,,,,,
1576,2,Uttarārcika,16.0,1,7.0,3.0,,,,,,
1577,2,Uttarārcika,16.0,1,7.0,3.0,,,,,,
1578,2,Uttarārcika,16.0,1,7.0,3.0,,,,,,
1579,3,Uttarārcika,16.0,1,7.0,3.0,,,,,,
1580,3,Uttarārcika,16.0,1,7.0,3.0,,,,,,
1581,4,Uttarārcika,16.0,1,7.0,3.0,,,,,,
1582,4,Uttarārcika,16.0,1,7.0,3.0,,,,,,
1583,5,Uttarārcika,16.0,1,7.0,3.0,,,,,,
1584,5,Uttarārcika,16.0,1,7.0,3.0,,,,,,
1585,6,Uttarārcika,16.0,2,7.0,3.0,,,,,,
1586,7,Uttarārcika,16.0,2,7.0,3.0,,,,,,
1587,8,Uttarārcika,16.0,2,7.0,3.0,,,,,,
1588,8,Uttarārcika,16.0,2,7.0,3.0,,,,,,
1589,9,Uttarārcika,16.0,2,7.0,3.0,,,,,,
1590,10,Uttarārcika,16.0,2,7.0,3.0,,,,,,
1591,10,Uttarārcika,16.0,2,7.0,3.0,,,,,,
1592,10,Uttarārcika,16.0,2,7.0,3.0,,,,,,
1593,11,Uttarārcika,16.0,3,7.0,3.0,,,,,,
1594,12,Uttarārcika,16.0,3,7.0,3.0,,,,,,
1595,13,Uttarārcika,16.0,3,7.0,3.0,,,,,,
1596,14,Uttarārcika,16.0,3,7.0,3.0,,,,,,
1597,14,Uttarārcika,16.0,3,7.0,3.0,,,,,,
1598,14,Uttarārcika,16.0,3,7.0,3.0,,,,,,
1599,15,Uttarārcika,16.0,3,7.0,3.0,,,,,,
1600,15,Uttarārcika,16.0,3,7.0,3.0,,,,,,
1601,15,Uttarārcika,16.0,3,7.0,3.0,,,,,,
1602,16,Uttarārcika,16.0,3,7.0,3.0,,,,,,
1603,16,Uttarārcika,16.0,3,7.0,3.0,,,,,,
1604,16,Uttarārcika,16.0,3,7.0,3.0,,,,,,
1605,17,Uttarārcika,16.0,4,7.0,3.0,,,,,,
1606,17,Uttarārcika,16.0,4,7.0,3.0,,,,,,
1607,18,Uttarārcika,16.0,4,7.0,3.0,,,,,,
1608,18,Uttarārcika,16.0,4,7.0,3.0,,,,,,
1609,19,Uttarārcika,16.0,4,7.0,3.0,,,,,,
1610,19,Uttarārcika,16.0,4,7.0,3.0,,,,,,
1611,20,Uttarārcika,16.0,4,7.0,3.0,,,,,,
1612,20,Uttarārcika,16.0,4,7.0,3.0,,,,,,
1613,20,Uttarārcika,16.0,4,7.0,3.0,,,,,,
1614,21,Uttarārcika,16.0,4,7.0,3.0,,,,,,
1615,21,Uttarārcika,16.0,4,7.0,3.0,,,,,,
1616,21,Uttarārcika,16.0,4,7.0,3.0,,,,,,
1617,1,Uttarārcika,17.0,1,8.0,1.0,,,,,,
1618,1,Uttarārcika,17.0,1,8.0,1.0,,,,,,
1619,1,Uttarārcika,17.0,1,8.0,1.0,,,,,,
1620,2,Uttarārcika,17.0,1,8.0,1.0,,,,,,
1621,2,Uttarārcika,17.0,1,8.0,1.0,,,,,,
1622,2,Uttarārcika,17.0,1,8.0,1.0,,,,,,
1623,3,Uttarārcika,17.0,1,8.0,1.0,,,,,,
1624,3,Uttarārcika,17.0,1,8.0,1.0,,,,,,
1625,4,Uttarārcika,17.0,1,8.0,1.0,,,,,,
1626,4,Uttarārcika,17.0,1,8.0,1.0,,,,,,
1627,4,Uttarārcika,17.0,1,8.0,1.0,,,,,,
1628,5,Uttarārcika,17.0,2,8.0,1.0,,,,,,
1629,5,Uttarārcika,17.0,2,8.0,1.0,,,,,,
1630,5,Uttarārcika,17.0,2,8.0,1.0,,,,,,
1631,6,Uttarārcika,17.0,2,8.0,1.0,,,,,,
1632,6,Uttarārcika,17.0,2,8.0,1.0,,,,,,
1633,6,Uttarārcika,17.0,2,8.0,1.0,,,,,,
1634,7,Uttarārcika,17.0,2,8.0,1.0,,,,,,
1635,7,Uttarārcika,17.0,2,8.0,1.0,,,,,,
1636,7,Uttarārcika,17.0,2,8.0,1.0,,,,,,
1637,8,Uttarārcika,17.0,2,8.0,1.0,,,,,,
1638,8,Uttarārcika,17.0,2,8.0,1.0,,,,,,
1639,9,Uttarārcika,17.0,3,8.0,1.0,,,,,,
1640,9,Uttarārcika,17.0,3,8.0,1.0,,,,,,
1641,9,Uttarārcika,17.0,3,8.0,1.0,,,,,,
1642,10,Uttarārcika,17.0,3,8.0,1.0,,,,,,
1643,10,Uttarārcika,17.0,3,8.0,1.0,,,,,,
1644,10,Uttarārcika,17.0,3,8.0,1.0,,,,,,
1645,11,Uttarārcika,17.0,3,8.0,1.0,,,,,,
1646,11,Uttarārcika,17.0,3,8.0,1.0,,,,,,
1647,11,Uttarārcika,17.0,3,8.0,1.0,,,,,,
1648,12,Uttarārcika,17.0,4,8.0,1.0,,,,,,
1649,12,Uttarārcika,17.0,4,8.0,1.0,,,,,,
1650,12,Uttarārcika,17.0,4,8.0,1.0,,,,,,
1651,13,Uttarārcika,17.0,4,8.0,1.0,,,,,,
1652,13,Uttarārcika,17.0,4,8.0,1.0,,,,,,
1653,13,Uttarārcika,17.0,4,8.0,1.0,,,,,,
1654,14,Uttarārcika,17.0,4,8.0,1.0,,,,,,
1655,14,Uttarārcika,17.0,4,8.0,1.0,,,,,,
1656,14,Uttarārcika,17.0,4,8.0,1.0,,,,,,
1657,1,Uttarārcika,18.0,1,8.0,2.0,,,,,,
1658,1,Uttarārcika,18.0,1,8.0,2.0,,,,,,
1659,1,Uttarārcika,18.0,1,8.0,2.0,,,,,,
1660,2,Uttarārcika,18.0,1,8.0,2.0,,,,,,
1661,2,Uttarārcika,18.0,1,8.0,2.0,,,,,,
1662,2,Uttarārcika,18.0,1,8.0,2.0,,,,,,
1663,3,Uttarārcika,18.0,1,8.0,2.0,,,,,,
1664,3,Uttarārcika,18.0,1,8.0,2.0,,,,,,
1665,3,Uttarārcika,18.0,1,8.0,2.0,,,,,,
1666,4,Uttarārcika,18.0,1,8.0,2.0,,,,,,
1667,4,Uttarārcika,18.0,1,8.0,2.0,,,,,,
1668,4,Uttarārcika,18.0,1,8.0,2.0,,,,,,
1669,5,Uttarārcika,18.0,2,8.0,2.0,,,,,,
1670,5,Uttarārcika,18.0,2,8.0,2.0,,,,,,
1671,5,Uttarārcika,18.0,2,8.0,2.0,,,,,,
1672,5,Uttarārcika,18.0,2,8.0,2.0,,,,,,
1673,5,Uttarārcika,18.0,2,8.0,2.0,,,,,,
1674,5,Uttarārcika,18.0,2,8.0,2.0,,,,,,
1675,6,Uttarārcika,18.0,2,8.0,2.0,,,,,,
1676,6,Uttarārcika,18.0,2,8.0,2.0,,,,,,
1677,7,Uttarārcika,18.0,2,8.0,2.0,,,,,,
1678,7,Uttarārcika,18.0,2,8.0,2.0,,,,,,
1679,8,Uttarārcika,18.0,2,8.0,2.0,,,,,,
1680,8,Uttarārcika,18.0,2,8.0,2.0,,,,,,
1681,8,Uttarārcika,18.0,2,8.0,2.0,,,,,,
1682,9,Uttarārcika,18.0,2,8.0,2.0,,,,,,
1683,9,Uttarārcika,18.0,2,8.0,2.0,,,,,,
1684,10,Uttarārcika,18.0,3,8.0,2.0,,,,,,
1685,10,Uttarārcika,18.0,3,8.0,2.0,,,,,,
1686,10,Uttarārcika,18.0,3,8.0,2.0,,,,,,
1687,11,Uttarārcika,18.0,3,8.0,2.0,,,,,,
1688,11,Uttarārcika,18.0,3,8.0,2.0,,,,,,
1689,12,Uttarārcika,18.0,3,8.0,2.0,,,,,,
1690,12,Uttarārcika,18.0,3,8.0,2.0,,,,,,
1691,13,Uttarārcika,18.0,3,8.0,2.0,,,,,,
1692,13,Uttarārcika,18.0,3,8.0,2.0,,,,,,
1693,14,Uttarārcika,18.0,3,8.0,2.0,,,,,,
1694,14,Uttarārcika,18.0,3,8.0,2.0,,,,,,
1695,14,Uttarārcika,18.0,3,8.0,2.0,,,,,,
1696,15,Uttarārcika,18.0,3,8.0,2.0,,,,,,
1697,15,Uttarārcika,18.0,3,8.0,2.0,,,,,,
1698,15,Uttarārcika,18.0,3,8.0,2.0,,,,,,
1699,16,Uttarārcika,18.0,4,8.0,2.0,,,,,,
1700,16,Uttarārcika,18.0,4,8.0,2.0,,,,,,
1701,16,Uttarārcika,18.0,4,8.0,2.0,,,,,,
1702,17,Uttarārcika,18.0,4,8.0,2.0,,,,,,
1703,17,Uttarārcika,18.0,4,8.0,2.0,,,,,,
1704,17,Uttarārcika,18.0,4,8.0,2.0,,,,,,
1705,18,Uttarārcika,18.0,4,8.0,2.0,,,,,,
1706,18,Uttarārcika,18.0,4,8.0,2.0,,,,,,
1707,18,Uttarārcika,18.0,4,8.0,2.0,,,,,,
1708,19,Uttarārcika,18.0,4,8.0,2.0,,,,,,
1709,19,Uttarārcika,18.0,4,8.0,2.0,,,,,,
1710,19,Uttarārcika,18.0,4,8.0,2.0,,,,,,
1711,1,Uttarārcika,19.0,1,8.0,3.0,,,,,,
1712,1,Uttarārcika,19.0,1,8.0,3.0,,,,,,
1713,1,Uttarārcika,19.0,1,8.0,3.0,,,,,,
1714,2,Uttarārcika,19.0,1,8.0,3.0,,,,,,
1715,2,Uttarārcika,19.0,1,8.0,3.0,,,,,,
1716,2,Uttarārcika,19.0,1,8.0,3.0,,,,,,
1717,2,Uttarārcika,19.0,1,8.0,3.0,,,,,,
1718,3,Uttarārcika,19.0,1,8.0,3.0,,,,,,
1719,3,Uttarārcika,19.0,1,8.0,3.0,,,,,,
1720,3,Uttarārcika,19.0,1,8.0,3.0,,,,,,
1721,4,Uttarārcika,19.0,1,8.0,3.0,,,,,,
1722,4,Uttarārcika,19.0,1,8.0,3.0,,,,,,
1723,5,Uttarārcika,19.0,1,8.0,3.0,,,,,,
1724,5,Uttarārcika,19.0,1,8.0,3.0,,,,,,
1725,6,Uttarārcika,19.0,2,8.0,3.0,,,,,,
1726,6,Uttarārcika,19.0,2,8.0,3.0,,,,,,
1727,6,Uttarārcika,19.0,2,8.0,3.0,,,,,,
1728,7,Uttarārcika,19.0,2,8.0,3.0,,,,,,
1729,7,Uttarārcika,19.0,2,8.0,3.0,,,,,,
1730,7,Uttarārcika,19.0,2,8.0,3.0,,,,,,
1731,8,Uttarārcika,19.0,2,8.0,3.0,,,,,,
1732,8,Uttarārcika,19.0,2,8.0,3.0,,,,,,
1733,8,Uttarārcika,19.0,2,8.0,3.0,,,,,,
1734,9,Uttarārcika,19.0,2,8.0,3.0,,,,,,
1735,9,Uttarārcika,19.0,2,8.0,3.0,,,,,,
1736,9,Uttarārcika,19.0,2,8.0,3.0,,,,,,
1737,10,Uttarārcika,19.0,3,8.0,3.0,,,,,,
1738,10,Uttarārcika,19.0,3,8.0,3.0,,,,,,
1739,10,Uttarārcika,19.0,3,8.0,3.0,,,,,,
1740,11,Uttarārcika,19.0,3,8.0,3.0,,,,,,
1741,11,Uttarārcika,19.0,3,8.0,3.0,,,,,,
1742,11,Uttarārcika,19.0,3,8.0,3.0,,,,,,
1743,12,Uttarārcika,19.0,3,8.0,3.0,,,,,,
1744,12,Uttarārcika,19.0,3,8.0,3.0,,,,,,
1745,12,Uttarārcika,19.0,3,8.0,3.0,,,,,,
1746,13,Uttarārcika,19.0,4,8.0,3.0,,,,,,
1747,13,Uttarārcika,19.0,4,8.0,3.0,,,,,,
1748,13,Uttarārcika,19.0,4,8.0,3.0,,,,,,
1749,14,Uttarārcika,19.0,4,8.0,3.0,,,,,,
1750,14,Uttarārcika,19.0,4,8.0,3.0,,,,,,
1751,14,Uttarārcika,19.0,4,8.0,3.0,,,,,,
1752,15,Uttarārcika,19.0,4,8.0,3.0,,,,,,
1753,15,Uttarārcika,19.0,4,8.0,3.0,,,,,,
1754,15,Uttarārcika,19.0,4,8.0,3.0,,,,,,
1755,16,Uttarārcika,19.0,5,8.0,3.0,,,,,,
1756,16,Uttarārcika,19.0,5,8.0,3.0,,,,,,
1757,16,Uttarārcika,19.0,5,8.0,3.0,,,,,,
1758,17,Uttarārcika,19.0,5,8.0,3.0,,,,,,
1759,17,Uttarārcika,19.0,5,8.0,3.0,,,,,,
1760,17,Uttarārcika,19.0,5,8.0,3.0,,,,,,
1761,18,Uttarārcika,19.0,5,8.0,3.0,,,,,,
1762,18,Uttarārcika,19.0,5,8.0,3.0,,,,,,
1763,18,Uttarārcika,19.0,5,8.0,3.0,,,,,,
1764,18,Uttarārcika,19.0,5,8.0,3.0,,,,,,
1765,1,Uttarārcika,20.0,1,9.0,1.0,,,,,,
1766,1,Uttarārcika,20.0,1,9.0,1.0,,,,,,
1767,1,Uttarārcika,20.0,1,9.0,1.0,,,,,,
1768,2,Uttarārcika,20.0,1,9.0,1.0,,,,,,
1769,2,Uttarārcika,20.0,1,9.0,1.0,,,,,,
1770,2,Uttarārcika,20.0,1,9.0,1.0,,,,,,
1771,3,Uttarārcika,20.0,1,9.0,1.0,,,,,,
1772,3,Uttarārcika,20.0,1,9.0,1.0,,,,,,
1773,3,Uttarārcika,20.0,1,9.0,1.0,,,,,,
1774,4,Uttarārcika,20.0,1,9.0,1.0,,,,,,
1775,4,Uttarārcika,20.0,1,9.0,1.0,,,,,,
1776,4,Uttarārcika,20.0,1,9.0,1.0,,,,,,
1777,5,Uttarārcika,20.0,1,9.0,1.0,,,,,,
1778,5,Uttarārcika,20.0,1,9.0,1.0,,,,,,
1779,5,Uttarārcika,20.0,1,9.0,1.0,,,,,,
1780,6,Uttarārcika,20.0,2,9.0,1.0,,,,,,
1781,6,Uttarārcika,20.0,2,9.0,1.0,,,,,,
1782,7,Uttarārcika,20.0,2,9.0,1.0,,,,,,
1783,7,Uttarārcika,20.0,2,9.0,1.0,,,,,,
1784,7,Uttarārcika,20.0,2,9.0,1.0,,,,,,
1785,8,Uttarārcika,20.0,2,9.0,1.0,,,,,,
1786,8,Uttarārcika,20.0,2,9.0,1.0,,,,,,
1787,8,Uttarārcika,20.0,2,9.0,1.0,,,,,,
1788,9,Uttarārcika,20.0,2,9.0,1.0,,,,,,
1789,9,Uttarārcika,20.0,2,9.0,1.0,,,,,,
1790,10,Uttarārcika,20.0,3,9.0,1.0,,,,,,
1791,10,Uttarārcika,20.0,3,9.0,1.0,,,,,,
1792,10,Uttarārcika,20.0,3,9.0,1.0,,,,,,
1793,11,Uttarārcika,20.0,3,9.0,1.0,,,,,,
1794,11,Uttarārcika,20.0,3,9.0,1.0,,,,,,
1795,11,Uttarārcika,20.0,3,9.0,1.0,,,,,,
1796,12,Uttarārcika,20.0,3,9.0,1.0,,,,,,
1797,12,Uttarārcika,20.0,3,9.0,1.0,,,,,,
1798,13,Uttarārcika,20.0,3,9.0,1.0,,,,,,
1799,13,Uttarārcika,20.0,3,9.0,1.0,,,,,,
1800,13,Uttarārcika,20.0,3,9.0,1.0,,,,,,
1801,14,Uttarārcika,20.0,4,9.0,1.0,,,,,,
1802,14,Uttarārcika,20.0,4,9.0,1.0,,,,,,
1803,14,Uttarārcika,20.0,4,9.0,1.0,,,,,,
1804,15,Uttarārcika,20.0,4,9.0,1.0,,,,,,
1805,15,Uttarārcika,20.0,4,9.0,1.0,,,,,,
1806,15,Uttarārcika,20.0,4,9.0,1.0,,,,,,
1807,16,Uttarārcika,20.0,4,9.0,1.0,,,,,,
1808,16,Uttarārcika,20.0,4,9.0,1.0,,,,,,
1809,16,Uttarārcika,20.0,4,9.0,1.0,,,,,,
1810,17,Uttarārcika,20.0,4,9.0,1.0,,,,,,
1811,17,Uttarārcika,20.0,4,9.0,1.0,,,,,,
1812,17,Uttarārcika,20.0,4,9.0,1.0,,,,,,
1813,18,Uttarārcika,20.0,5,9.0,1.0,,,,,,
1814,18,Uttarārcika,20.0,5,9.0,1.0,,,,,,
1815,18,Uttarārcika,20.0,5,9.0,1.0,,,,,,
1816,1,Uttarārcika,20.0,5,9.0,2.0,,,,,,
1817,1,Uttarārcika,20.0,5,9.0,2.0,,,,,,
1818,1,Uttarārcika,20.0,5,9.0,2.0,,,,,,
1819,1,Uttarārcika,20.0,5,9.0,2.0,,,,,,
1820,1,Uttarārcika,20.0,5,9.0,2.0,,,,,,
1821,1,Uttarārcika,20.0,5,9.0,2.0,,,,,,
1822,2,Uttarārcika,20.0,6,9.0,2.0,,,,,,
1823,2,Uttarārcika,20.0,6,9.0,2.0,,,,,,
1824,3,Uttarārcika,20.0,6,9.0,2.0,,,,,,
1825,4,Uttarārcika,20.0,6,9.0,2.0,,,,,,
1826,5,Uttarārcika,20.0,6,9.0,2.0,,,,,,
1827,6,Uttarārcika,20.0,6,9.0,2.0,,,,,,
1828,7,Uttarārcika,20.0,6,9.0,2.0,,,,,,
1829,7,Uttarārcika,20.0,6,9.0,2.0,,,,,,
1830,7,Uttarārcika,20.0,6,9.0,2.0,,,,,,
1831,8,Uttarārcika,20.0,6,9.0,2.0,,,,,,
1832,8,Uttarārcika,20.0,6,9.0,2.0,,,,,,
1833,8,Uttarārcika,20.0,6,9.0,2.0,,,,,,
1834,9,Uttarārcika,20.0,7,9.0,2.0,,,,,,
1835,9,Uttarārcika,20.0,7,9.0,2.0,,,,,,
1836,9,Uttarārcika,20.0,7,9.0,2.0,,,,,,
1837,10,Uttarārcika,20.0,7,9.0,2.0,,,,,,
1838,10,Uttarārcika,20.0,7,9.0,2.0,,,,,,
1839,10,Uttarārcika,20.0,7,9.0,2.0,,,,,,
1840,11,Uttarārcika,20.0,7,9.0,2.0,,,,,,
1841,11,Uttarārcika,20.0,7,9.0,2.0,,,,,,
1842,11,Uttarārcika,20.0,7,9.0,2.0,,,,,,
1843,12,Uttarārcika,20.0,7,9.0,2.0,,,,,,
1844,12,Uttarārcika,20.0,7,9.0,2.0,,,,,,
1845,12,Uttarārcika,20.0,7,9.0,2.0,,,,,,
1846,13,Uttarārcika,20.0,7,9.0,2.0,,,,,,
1847,13,Uttarārcika,20.0,7,9.0,2.0,,,,,,
1848,13,Uttarārcika,20.0,7,9.0,2.0,,,,,,
1849,1,Uttarārcika,21.0,1,9.0,3.0,,,,,,
1850,1,Uttarārcika,21.0,1,9.0,3.0,,,,,,
1851,1,Uttarārcika,21.0,1,9.0,3.0,,,,,,
1852,2,Uttarārcika,21.0,1,9.0,3.0,,,,,,
1853,2,Uttarārcika,21.0,1,9.0,3.0,,,,,,
1854,2,Uttarārcika,21.0,1,9.0,3.0,,,,,,
1855,3,Uttarārcika,21.0,2,9.0,3.0,,,,,,
1856,3,Uttarārcika,21.0,2,9.0,3.0,,,,,,
1857,3,Uttarārcika,21.0,2,9.0,3.0,,,,,,
1858,4,Uttarārcika,21.0,3,9.0,3.0,,,,,,
1859,4,Uttarārcika,21.0,3,9.0,3.0,,,,,,
1860,4,Uttarārcika,21.0,3,9.0,3.0,,,,,,
1861,5,Uttarārcika,21.0,3,9.0,3.0,,,,,,
1862,5,Uttarārcika,21.0,3,9.0,3.0,,,,,,
1863,5,Uttarārcika,21.0,3,9.0,3.0,,,,,,
1864,6,Uttarārcika,21.0,4,9.0,3.0,,,,,,
1865,6,Uttarārcika,21.0,4,9.0,3.0,,,,,,
1866,6,Uttarārcika,21.0,4,9.0,3.0,,,,,,
1867,7,Uttarārcika,21.0,5,9.0,3.0,,,,,,
1868,7,Uttarārcika,21.0,5,9.0,3.0,,,,,,
1869,7,Uttarārcika,21.0,5,9.0,3.0,,,,,,
1870,8,Uttarārcika,21.0,5,9.0,3.0,,,,,,
1871,8,Uttarārcika,21.0,5,9.0,3.0,,,,,,
1872,8,Uttarārcika,21.0,5,9.0,3.0,,,,,,
1873,9,Uttarārcika,21.0,6,9.0,3.0,,,,,,
1874,9,Uttarārcika,21.0,6,9.0,3.0,,,,,,
1875,9,Uttarārcika,21.0,6,9.0,3.0,,,,,,
