R̥k no,Daśati/Sukta,Ārcika,Adhyāya,Khaṇḍa,Prapāṭhaka,Ardha,Ref No,Sāma No,Sāma(R̥k),R̥ṣi,Chandas,Dēvata,Text,Notes
1,1,Pūrvārcika-Āg,1,1,1,1,1.1.1.1.0,,,,,,,
,,,,,,,1.1.1.1.1,1,1,गोतमो,गायत्री,अग्निः,ओ꣤ग्नाइ॥ आ꣢꣯या꣯हीऽ३वो꣡इतोयाऽ᳒२᳒इ। तो꣡याऽ᳒२᳒इ। गृ꣡णा꣯नो꣢꣯ह। व्यदा꣡तोयाऽ᳒२᳒इ। तो꣡याऽ᳒२᳒इ॥ ना꣡इहो꣢꣯ता꣡साऽ२३॥ त्सा꣡ऽ२᳐इबा꣣ऽ२३४औ꣥꣯हो꣯वा॥ ही꣣ऽ२३४षी꣥॥,Parkaḥ
,,,,,,,1.1.1.1.2,2,2,कश्यपो,गायत्री,अग्निः,अ꣤ग्न꣥आ꣤꣯या꣥꣯हिवी꣤॥ त꣡याइ। गृणा꣯नो꣯हव्यदा꣯ताऽ२३या꣢इ। नि꣡हो꣯ता꣯ सत्सि꣢ ब꣡र्हाऽ२३इषी꣢॥ ब꣡र्हाऽ२᳐इषा꣣ऽ२३४औ꣥꣯हो꣯वा॥ ब꣢र्ही᳐ऽ३षी꣡ऽ२३꣡४꣡५꣡॥,Barhiṣyaṁ
,,,,,,,1.1.1.1.3,3,3,गोतमो,गायत्री,अग्निः,अ꣤ग्न꣥आ꣤꣯या꣥꣯हि। वा꣤ऽ५इतया꣤इ॥ गृ꣡णा꣯नो꣯हव्यदा꣢ऽ१ता꣢ऽ३ये꣢॥ निहो᳐ता꣣ऽ२३४सा꣥॥ त्सा꣡ऽ२३इबा꣢ऽ३। हा꣡ऽ२३४इषो꣥ऽ६᳓हा꣥इ॥,Parkaḥ
2,1,Pūrvārcika-Āg,1,1,1,1,1.1.1.2.0,,,,,,,
,,,,,,,1.1.1.2.1,4,1,विश्वमनाः,गायत्री,अग्निः,त्व꣤म꣥ग्ने꣯यज्ञा꣤꣯ना꣥꣯म्। त्व꣤म꣥ग्ना꣤इ॥ य꣢ज्ञा꣡꣯नाꣳ꣯ हो꣯ता꣯। विश्वे꣯षाꣳ꣯ हाऽ२३इताः꣢॥ दे꣯वै꣡꣯भाऽ२३इर्मा꣢। नु꣣षे꣯ज꣢ना꣡। औ꣢ऽ३हो꣤वा꣥। हो꣤ऽ५इ॥ डा॥,"Sauparṇa-Suparṇōḥ, Vaiśvamanasam"
3,1,Pūrvārcika-Āg,1,1,1,1,1.1.1.3.0,,,,,,,
,,,,,,,1.1.1.3.1,5,1,भरद्वाजो,गायत्री,अग्निः,अ꣥ग्निन्दू꣯ताम्॥ वृ꣢णी꣡꣯महाइ। हो꣯ता꣯रांऽ२३वी꣢। श्ववे꣡꣯दसाम्॥ अस्ययाऽ२३ज्ञा꣢। आ꣡। औ꣢ऽ३हो꣯वा꣢॥ स्या꣡सुक्र꣢तुम्। इ꣡डाऽ२३भा꣢ऽ३४३। ओ꣡ऽ२३४५इ॥ डा॥,Br̥hadbhāradvājam- Br̥hadāgnēyam-Br̥hadāsauram
4,1,Pūrvārcika-Āg,1,1,1,1,1.1.1.4.0,,,,,,,
,,,,,,,1.1.1.4.1,6,1,श्रुतर्षिः,गायत्री,अग्निः,अ꣥ग्निर्वृत्रा॥ णा꣡ऽ२᳐इजा꣣ऽ२३४औ꣥꣯हो꣯वा। घा꣣ऽ२३४ना꣥त्। द्र꣢विणस्यु꣡र्विप꣢न्य꣡या꣰꣯ऽ२। ओ꣡इसमिद्धाऽ२३श्शू꣢॥ क्रा꣡या꣯हु꣢तः। इ꣡डाऽ२३भा꣢ऽ३४३। ओ꣡ऽ२३४५इ॥ डा॥,(Śrautarṣāṇi trīṇi) śrautarṣam
,,,,,,,1.1.1.4.2,7,2,श्रुतर्षिः,गायत्री,अग्निः,अ꣣ग्नि꣢रौ꣣꣯हो꣤वाहा꣥इ। वृत्रा꣤णी꣥॥ जा꣡ङ्घा꣢ऽ३ना꣢त्। औ꣡हो꣢ऽ᳐३वा꣢ऽ३। द्र꣡विणा꣣ऽ२३४स्यूः꣥। ओ꣡इवोइप꣪न्ययाऽ᳒२᳒॥ स꣡माये꣢ऽ᳐३। धा꣡ऽ२᳐श्शू꣣ऽ२३४औ꣥꣯हो꣯वा। क्र꣢या꣡꣯हुता꣣ऽ२३꣡४꣡५ः꣡॥,
,,,,,,,1.1.1.4.3,8,3,श्रुतर्षिः,गायत्री,अग्निः,"ओ꣤ग्नीः꣥॥ वृ꣢त्रा꣡꣯णिजङ्घनात्। औ꣣꣯हौ꣢᳐हो꣣ऽ२३४वा꣥। द्र꣢विणस्यु꣡र्विप꣢न्य꣡या। औ꣣꣯हौ꣢हो꣣ऽ२३४वा꣥॥ स꣡मिद्ध꣢श्शुक्र꣡या। औ꣣꣯हौ꣢हो꣣ऽ२३४वा꣥॥ हो꣤ऽ५तोऽ६""हा꣥इ॥",
5,1,Pūrvārcika-Āg,1,1,1,1,1.1.1.5.0,,,,,,,
,,,,,,,1.1.1.5.1,9,1,उशना,विराड्गायत्री,अग्निः,"प्रे꣤꣯ष्ठं꣥वाः꣤॥ अ꣡ताऽ२३इथी꣢म्। स्तौ꣡षे꣯मि꣢त्रम्। इव꣡प्राऽ२३या꣢म्॥ अ꣡ग्नाइरा꣢ऽ३था꣢ऽ३म्॥ ना꣡वाऽ२३हा꣢ऽ३४३इ॥ दा꣡ऽ२३४यो꣥ऽ६""हा꣥इ॥",Auśanasāni trīṇi - Auśaṇam
,,,,,,,1.1.1.5.2,10,2,उशना,गायत्री,अग्निः,"प्रे꣤꣯ष्ठं꣥वः। ओ꣤हाइ॥ अ꣡ताऽ२३इथी꣢म्। स्तुषाइमित्रा᳐ऽ३म्। इ꣡वाऽ२᳐प्रा꣣ऽ२३४या꣥म्॥ औ꣢꣯होऽ१इ। अग्ने꣢꣯रा꣡थाऽ२३म्॥ ना꣡ऽ२३वे꣤ऽ३। दा꣢ऽ३४५योऽ६""हा꣥इ॥",
,,,,,,,1.1.1.5.3,11,3,उशना,विराड्गायत्री,अग्निः,प्रे꣥꣯ष्ठंवो꣯हाउ॥ अ꣡तिथाइम्। स्तुषे꣯मित्रमिवप्राऽ२३या꣢म्॥ अ꣡ग्नाये꣢ऽ३। रा꣡ऽ२᳐था꣣ऽ२३४ औ꣥꣯हो꣯वा॥ न꣢वे꣡꣯दिया꣣ऽ२᳐३꣡४꣡५꣡म्॥,
6,1,Pūrvārcika-Āg,1,1,1,1,1.1.1.6.0,,,,,,,
,,,,,,,1.1.1.6.1,12,1,साकमश्वः,गायत्री,अग्निः,त्व꣥न्नो꣯या॥ ग्ने꣢꣯म꣡हो꣢꣯भिः। पा꣡꣯होइवी꣢ऽ३श्वा꣢। स्या꣡꣯अरा꣯तेः꣢꣯॥ उ꣡ताद्वा꣢ऽ१इषाऽ᳒२ः᳒॥ म꣡र्त्य꣢स्य। इ꣡डाऽ२३भा꣢ऽ᳐३४३। ओ꣡ऽ२३४५इ॥ डा॥,Sāṁvargam - (saṁvargaḥ)
,,,,,,,1.1.1.6.2,13,2,साकमश्वः,गायत्री,अग्निः,त्वां꣤꣯त्वन्नो꣥꣯अग्ने꣯म꣤। हो꣥ऽ६भा꣥इः॥ पा꣢꣯हि꣡ विश्वाऔ꣢ऽ३ हो꣢। स्या꣡औ꣢ऽ३ हो꣢। आ꣡रातेः꣢। उ꣡ताद्वा꣢ऽ१इषाऽ᳒२ः᳒। म꣡र्ताऽ२᳐या꣣ऽ२३४ औ꣥꣯हो꣯वा॥ स्या꣣ऽ२३꣡४꣡५꣡॥,Vārtagghnam
7,1,Pūrvārcika-Āg,1,1,1,1,1.1.1.7.0,,,,,,,
,,,,,,,1.1.1.7.1,14,1,वत्सः,गायत्री,अग्निः,"ए꣥꣯ह्यू꣯ षू꣢ऽ३ब्र꣤वा꣯णा꣥ऽ६इता꣥इ॥ अ꣡ग्नइत्थे꣯तरा꣯गाऽ᳒२᳒इराः꣡॥ ए꣢꣯भाऽ᳒२᳒इर्व꣡र्द्धा॥ स꣡याऽ२३हा꣢ऽ᳐३४३इ॥ दू꣡ऽ२३४भो꣥ऽ६""हा꣥इ॥",Śaunaḥśēpam
,,,,,,,1.1.1.7.2,15,2,शौनश्शेपः,गायत्री,अग्निः,"ए꣥꣯ह्यू꣯षुब्रवौ꣯ हो꣤णाइता꣥इ॥ अ꣡ग्नइत्थे꣯तरा꣢ऽ१गी꣢ऽ३राः꣢॥ एभि᳐र्वा꣣ऽ२३४र्द्धा꣥॥ स꣡याऽ२३हा꣢ऽ᳐३४३इ॥ दू꣡ऽ२३४भो꣥ऽ६""हा꣥इ॥",Śaunaḥśēpam
8,1,Pūrvārcika-Āg,1,1,1,1,1.1.1.8.0,,,,,,,
,,,,,,,1.1.1.8.1,16,1,वत्सः,गायत्री,अग्निः,"आ꣥꣯ते꣯वत्साः॥ म꣡नो꣯य꣢मत्। प꣡रमा꣢꣯त्। चित्स꣡धाऽ२३स्था꣢त्॥ अ꣡ग्नाइ त्वा꣢᳐ऽ३ङ्का꣢᳐ऽ३॥ म꣤योवा꣥। गा꣤ऽ५इरोऽ६""हा꣥इ॥",Vātsē-dvē
,,,,,,,1.1.1.8.2,17,2,वत्सः,गायत्री,अग्निः,आ꣤꣯ते꣥꣯वत्सो꣤꣯ मनो꣥꣯यमत्। ऐ꣤याहा꣥इ॥ प꣢रमा꣡꣯च्चित्सधस्था꣯दै꣯याऽ२३हो꣡इया॥ अग्ने꣯त्वां꣯का꣯मयऐ꣯याऽ२३ हो꣡इया॥ गि꣢रा꣯। इ꣡डाऽ२३भा꣢ऽ३४३। ओ꣡ऽ२३४५इ॥ डा॥,
9,1,Pūrvārcika-Āg,1,1,1,1,1.1.1.9.0,,,,,,,
,,,,,,,1.1.1.9.1,18,1,अग्नेरार्षेयम्,गायत्री,अग्निः,"त्वा꣥꣯मग्ने꣯पू꣯ष्काऽ६रा꣥꣯दधी॥ आ꣡थ꣢र्वा꣯। ना꣡इः। अ꣪माऽ२᳐न्था꣣ऽ२३४ता꣥॥ मू꣣ऽ२३४र्ध्नो꣥। वा꣣ऽ२३४इश्वा꣥। स्य꣤वोवा꣥। घा꣤ऽ५तोऽ६""हा꣥इ॥",
10,1,Pūrvārcika-Āg,1,1,1,1,1.1.1.10.0,,,,,,,
,,,,,,,1.1.1.10.1,19,1,वाध्र्यश्वः,गायत्री,अग्निः,अ꣤ग्ने꣥꣯वि꣤व꣥स्वदा꣤꣯भ꣥रो꣤। वाहा꣥इ॥ अ꣢स्मभ्यमू꣯तऽ३या꣡इमहे꣢꣯। ओ꣡। वा꣢ऽ३᳐ हा꣢इ। ओ꣡। वा꣢ऽ३᳐हा꣢इ॥ दा꣡इवो꣢ऽ१हियाऽ᳒२᳒। ओ꣡। वा꣢ऽ३हा꣢इ। ओ꣡। वा꣢ऽ३᳐हा꣢ऽ३᳐इ॥ सा꣡ऽ२᳐इना꣣ऽ२३४औ꣥꣯हो꣯वा। दृ꣢षेऽ१॥,Vadhnyaśravōnupōvā
11,2,Pūrvārcika-Āg,1,2,1,1,1.1.2.11.0,,,,,,,
,,,,,,,1.1.2.11.1,20,1,सांवर्गः,गायत्री,अग्निः,न꣤म꣥स्तौ꣯। हो꣤ग्ना꣥इ॥ ओ꣡जसा꣢ऽ३इ। गृ꣡णाऽ२᳐न्ता꣣ऽ२३४इदे꣥। वा꣡कृ꣪ष्टयाऽ᳒२ः᳒॥ अ꣡माये꣢ऽ३ः॥ आ꣡ऽ२᳐मा꣣ऽ२३४औ꣥꣯हो꣯वा॥ त्र꣢मर्द᳐या꣣ऽ२३꣡४꣡५꣡॥,Sāṁvargam
12,2,Pūrvārcika-Āg,1,2,1,1,1.1.2.12.0,,,,,,,
,,,,,,,1.1.2.12.1,21,1,विश्वमनाः,गायत्री,अग्निः,दू꣥꣯ता꣤ऽ३म्वो꣢ऽ३वि꣤श्ववे꣥꣯दसाम्॥ ह꣢व्यवा꣡꣯हाम्। अ꣪माऽ२᳐र्त्ता꣣ऽ२३४या꣥म्॥ या꣡जिष्ठ꣢म्। ऋ꣡। जसे꣢ऽ३᳐हा꣢इ॥ गिरा꣡। औ꣢ऽ᳐३हो꣤वा꣥। हो꣤ऽ५इ॥ डा॥,Vaiśvamanasam
13,2,Pūrvārcika-Āg,1,2,1,1,1.1.2.13.0,,,,,,,
,,,,,,,1.1.2.13.1,22,1,श्नाभो,गायत्री,अग्निः,उ꣥पत्वा꣯जा॥ म꣡यो꣰꣯ऽ२गि꣡। र꣢ओ꣡इय꣪यूऽ᳒२ः᳒। दा꣡इदिश꣢ती꣯र्हविष्कृ꣡। त꣢ओ꣡इय꣪यूऽ᳒२ः᳒॥ वा꣯यो꣡꣯राऽ२३नी꣢॥ क꣣या꣢ऽ᳐३स्था꣤ऽ५इराऽ६५६न्॥ अ꣡श्वा꣢ऽ३᳐गा꣡꣯वाऽ२३꣡४꣡५ः꣡॥,Śnābham
,,,,,,,1.1.2.13.2,23,2,श्नुष्टो,गायत्री,अग्निः,उ꣥पत्वा꣯जा꣯माऽ६यो꣥꣯गिराः॥ दा꣡इदिश꣢। ता꣡इः। ह꣪वीऽ२᳐ष्का꣣ऽ२३४र्त्ताः꣥॥ वा꣯यो꣯रना꣯हा꣯इका꣤या꣥॥ स्था꣡इरा꣢। औ꣣꣯होऽ२३४वा꣥॥ ई꣤डा꣥॥,Śnauṣṭīyam-śnauṣtam
14,2,Pūrvārcika-Āg,1,2,1,1,1.1.2.14.0,,,,,,,
,,,,,,,1.1.2.14.1,24,1,विश्वामित्रो,गायत्री,अग्निः,उ꣢पा꣡त्वाऽ२३ग्ने꣤꣯दिवे꣥꣯दिवाइ॥ दो꣡षाऽ᳒२᳒वा꣡स्ताऽ᳒२ः᳒। धिया꣡꣯वयम्॥ नामोऽ᳒२᳒भा꣡राऽ᳒२᳒॥ तये꣡꣯माऽ२३सा꣢ऽ३४३इ। ओ꣡ऽ२३४५इ॥ डा॥,Vaiśvāmitram
15,2,Pūrvārcika-Āg,1,2,1,1,1.1.2.15.0,,,,,,,
,,,,,,,1.1.2.15.1,25,1,शुनः शेप आजीगर्तिः,गायत्री,अग्निः/रुद्रः,जा꣤रा꣥। बो꣡धाऽ᳒२᳒बो꣡धाऽ᳒२᳒। त꣡द्विविड्ढाइ॥ वि꣢शे꣯वा꣡इशेऽ᳒२᳒॥ य꣡ज्ञाऽ२३। या꣯या꣢᳐ऽ३४ औ꣥꣯हो꣯वा॥ स्तो꣡꣯मꣳरु꣢द्रा꣡꣯यदृ꣢शी꣯का꣡म्॥,jarābōdhīyē dvē
,,,,,,,1.1.2.15.2,26,2,शुनः शेप आजीगर्तिः,गायत्री,अग्निः/रुद्रः,"ज꣥रा꣯बो꣯धो꣤वा꣥॥ ता꣡द्विवि꣢ड्ढा꣡इ। वि꣢शा꣡इवाऽ२᳐३इशे꣢। यज्ञिया꣡꣯या। स्तो꣯माꣳरु꣪द्राऽ२३""या꣤। दृ꣥। शी꣣꣯को꣢ऽ३४५इ॥ डा॥",
16,2,Pūrvārcika-Āg,1,2,1,1,1.1.2.16.0,,,,,,,
,,,,,,,1.1.2.16.1,27,1,मरुतो,गायत्री,अग्निः,प्र꣢ति꣡त्याऽ२३ञ्चा꣤꣯रुम꣥ध्वराम्॥ गो꣢꣯पी꣯था꣡꣯। या। प्राहू꣢या꣣ऽ२३४सा꣥इ॥ म꣢रु꣡द्भिः꣢। आ꣡। ग्नाआ꣢꣯गहा꣡। औ꣢ऽ᳐३हो꣤वा꣥। हो꣤ऽ५इ॥ डा॥,
17,2,Pūrvārcika-Āg,1,2,1,1,1.1.2.17.0,,,,,,,
,,,,,,,1.1.2.17.1,28,1,भृगुः,गायत्री,अग्निः,आ꣡श्वा꣢। औ꣣꣯होऽ२३४वा꣥। ना꣡त्वा꣢। औ꣣꣯होऽ२३४वा꣥॥ वा꣤꣯र꣥वन्तंवन्द꣤ध्या। आ꣡ग्ना꣢। औ꣣꣯होऽ२३४वा꣥॥ न꣤मो꣥꣯भिस्सम्रा꣤꣯ज꣥न्ता꣤म्॥ आ꣡ध्वरा꣢꣯णा꣡म्। औऽ२३हो꣤वा꣥। हो꣤ऽ५इ॥ डा॥,
,,,,,,,1.1.2.17.2,29,2,भृगुः-शुनश्शेपो,गायत्री,अग्निः,अ꣤श्व꣥न्न꣤त्वा꣥꣯वा꣤꣯र꣥वन्ता꣤म्॥ व꣢न्द꣡ध्या꣯अग्निन्नमो꣯भाइः। स꣢म्म्रा꣡꣯ज꣢। तमा꣡ध्वरा꣢ऽ३४। औ꣣꣯हो꣤꣯वा꣥॥ इ꣡हा꣣ऽ२३४हा꣥इ। औ꣣꣯हो꣢ऽ३१२᳐। या꣣ऽ२३४औ꣥꣯हो꣯वा॥ णा꣣ऽ२३꣡४꣡५꣡म्॥,
,,,,,,,1.1.2.17.3,30,3,भृगुः-शुनश्शेपो,गायत्री,अग्निः,अ꣥श्वन्नत्वा꣯औ꣯हो꣤हा꣥इ॥ वा꣢रा᳐वा꣣ऽ२३४न्ता꣥म्। व꣢न्दा꣡ध्याऽ२३४हा꣥इ। अ꣡ग्नाइन्नमा꣢ऽ३४। औ꣣꣯हो꣤꣯वा꣥। इ꣡हा꣣ऽ२३४हा꣥इ। उ꣢हु᳐वा꣣ऽ२३४भीः꣥॥ स꣢म्म्रा꣡꣯ज꣢। ता꣡म꣪ध्वरा꣢ऽ३४। औ꣣꣯हो꣤꣯वा꣥॥ इ꣡हा꣣ऽ२३४हा꣥इ। औ꣣꣯हो꣢ऽ३᳐१२३४। णाम्। ए꣥꣯हियाऽ६हा꣥। हो꣤ऽ५इ॥ डा॥,
18,2,Pūrvārcika-Āg,1,2,1,1,1.1.2.18.0,,,,,,,
,,,,,,,1.1.2.18.1,31,1,और्वः,गायत्री,अग्निः,औ꣥꣯र्वभृगुव꣤त्। ओहाइ॥ शू꣣ऽ२३४ची꣥म्। आ꣡प्नवा꣢꣯न। वदाऽ᳒२᳒हु꣡वाऽ᳒२᳒इ। हु꣡व꣢ओ꣡इ॥ अग्नाऽ᳒२᳒इꣳस꣡मूऽ᳒२᳒॥ स꣡मु꣢ओ꣡। द्र꣢वा꣡ससा꣢ऽ३१उवाऽ२३꣡४꣡५꣡॥,sāmudrē dvē - samudrasya vāsō vā
,,,,,,,1.1.2.18.2,32,2,वैधारया,गायत्री,अग्निः,औ꣥꣯र्वभृगुव꣤च्छुचि꣥म्। ए꣤ऽ५। शु꣤चीम्॥ आ꣡प्नवा꣢꣯न। वदा꣡ऽ२३हुवा꣢इ। हुवा꣡ऽ२३इ। हु꣢व꣣ए꣢॥ अ꣡ग्नाइꣳसा꣢ऽ३मू꣢॥ समू꣡ऽ२३। स꣢मु꣣ए꣢ऽ३। द्रा꣡ऽ२᳐वा꣣ऽ२३४औ꣥꣯हो꣯वा॥ स꣢साऽ३मे꣡ऽ२३꣡४꣡५꣡॥,
19,2,Pūrvārcika-Āg,1,2,1,1,1.1.2.19.0,,,,,,,
,,,,,,,1.1.2.19.1,33,1,अत्रिः,गायत्री,अग्निः,अ꣥ग्नि꣤मि꣥न्धा꣯नो꣤꣯मन꣥सौ꣯। हौ꣤꣯होवाहा꣥इ॥ धि꣣यꣳ꣤स꣥चे꣯तमौ꣯। हो꣭ऽ३हा꣢ऽ३। हो꣡ऽ२३४र्तियाः॥ अ꣡ग्नाये꣢ऽ३᳐म्। आ꣡ऽ२᳐इंधा꣣ऽ२३४औ꣥꣯हो꣯वा॥ वि꣢व꣡स्वभी꣣ऽ२३꣡४꣡५ः꣡॥,asaṁgam - āsaṁgaḥ
20,2,Pūrvārcika-Āg,1,2,1,1,1.1.2.20.0,,,,,,,
,,,,,,,1.1.2.20.1,34,1,प्रजापति,गायत्री,अग्निः,आ꣤꣯दित्प्रत्नाऽ५स्यरे꣯त꣤साः॥ ज्यो꣡꣯तिᳲपश्यन्तिवा꣯साऽ᳒२᳒रा꣡म्॥ प꣢रो꣡꣯याऽ᳒२᳒दि꣡ध्यताइ॥ दि꣢वि꣡। होइ। होइ। औ꣢꣯हो꣡꣯औ꣢꣯हो꣡वाऽ२३꣡४꣡५꣡हाउ॥ वा॥,nidhanakāmam
21,3,Pūrvārcika-Āg,1,3,1,1,,,,,,,,
22,3,Pūrvārcika-Āg,1,3,1,1,,,,,,,,
23,3,Pūrvārcika-Āg,1,3,1,1,,,,,,,,
24,3,Pūrvārcika-Āg,1,3,1,1,,,,,,,,
25,3,Pūrvārcika-Āg,1,3,1,1,,,,,,,,
26,3,Pūrvārcika-Āg,1,3,1,1,,,,,,,,
27,3,Pūrvārcika-Āg,1,3,1,1,,,,,,,,
28,3,Pūrvārcika-Āg,1,3,1,1,,,,,,,,
29,3,Pūrvārcika-Āg,1,3,1,1,,,,,,,,
30,3,Pūrvārcika-Āg,1,3,1,1,,,,,,,,
31,3,Pūrvārcika-Āg,1,3,1,1,,,,,,,,
32,3,Pūrvārcika-Āg,1,3,1,1,,,,,,,,
33,3,Pūrvārcika-Āg,1,3,1,1,,,,,,,,
34,3,Pūrvārcika-Āg,1,3,1,1,,,,,,,,
35,4,Pūrvārcika-Āg,1,4,1,1,,,,,,,,
36,4,Pūrvārcika-Āg,1,4,1,1,,,,,,,,
37,4,Pūrvārcika-Āg,1,4,1,1,,,,,,,,
38,4,Pūrvārcika-Āg,1,4,1,1,,,,,,,,
39,4,Pūrvārcika-Āg,1,4,1,1,,,,,,,,
40,4,Pūrvārcika-Āg,1,4,1,1,,,,,,,,
41,4,Pūrvārcika-Āg,1,4,1,1,,,,,,,,
42,4,Pūrvārcika-Āg,1,4,1,1,,,,,,,,
43,4,Pūrvārcika-Āg,1,4,1,1,,,,,,,,
44,4,Pūrvārcika-Āg,1,4,1,1,,,,,,,,
45,5,Pūrvārcika-Āg,1,5,1,1,,,,,,,,
46,5,Pūrvārcika-Āg,1,5,1,1,,,,,,,,
47,5,Pūrvārcika-Āg,1,5,1,1,,,,,,,,
48,5,Pūrvārcika-Āg,1,5,1,1,,,,,,,,
49,5,Pūrvārcika-Āg,1,5,1,1,,,,,,,,
50,5,Pūrvārcika-Āg,1,5,1,1,,,,,,,,
51,5,Pūrvārcika-Āg,1,5,1,1,,,,,,,,
52,5,Pūrvārcika-Āg,1,5,1,1,,,,,,,,
53,5,Pūrvārcika-Āg,1,5,1,1,,,,,,,,
54,5,Pūrvārcika-Āg,1,5,1,1,,,,,,,,
55,6,Pūrvārcika-Āg,1,6,1,2,,,,,,,,
56,6,Pūrvārcika-Āg,1,6,1,2,,,,,,,,
57,6,Pūrvārcika-Āg,1,6,1,2,,,,,,,,
58,6,Pūrvārcika-Āg,1,6,1,2,,,,,,,,
59,6,Pūrvārcika-Āg,1,6,1,2,,,,,,,,
60,6,Pūrvārcika-Āg,1,6,1,2,,,,,,,,
61,6,Pūrvārcika-Āg,1,6,1,2,,,,,,,,
62,6,Pūrvārcika-Āg,1,6,1,2,,,,,,,,
63,7,Pūrvārcika-Āg,1,7,1,2,,,,,,,,
64,7,Pūrvārcika-Āg,1,7,1,2,,,,,,,,
65,7,Pūrvārcika-Āg,1,7,1,2,,,,,,,,
66,7,Pūrvārcika-Āg,1,7,1,2,,,,,,,,
67,7,Pūrvārcika-Āg,1,7,1,2,,,,,,,,
68,7,Pūrvārcika-Āg,1,7,1,2,,,,,,,,
69,7,Pūrvārcika-Āg,1,7,1,2,,,,,,,,
70,7,Pūrvārcika-Āg,1,7,1,2,,,,,,,,
71,7,Pūrvārcika-Āg,1,7,1,2,,,,,,,,
72,7,Pūrvārcika-Āg,1,7,1,2,,,,,,,,
73,8,Pūrvārcika-Āg,1,8,1,2,,,,,,,,
74,8,Pūrvārcika-Āg,1,8,1,2,,,,,,,,
75,8,Pūrvārcika-Āg,1,8,1,2,,,,,,,,
76,8,Pūrvārcika-Āg,1,8,1,2,,,,,,,,
77,8,Pūrvārcika-Āg,1,8,1,2,,,,,,,,
78,8,Pūrvārcika-Āg,1,8,1,2,,,,,,,,
79,8,Pūrvārcika-Āg,1,8,1,2,,,,,,,,
80,8,Pūrvārcika-Āg,1,8,1,2,,,,,,,,
81,9,Pūrvārcika-Āg,1,9,1,2,,,,,,,,
82,9,Pūrvārcika-Āg,1,9,1,2,,,,,,,,
83,9,Pūrvārcika-Āg,1,9,1,2,,,,,,,,
84,9,Pūrvārcika-Āg,1,9,1,2,,,,,,,,
85,9,Pūrvārcika-Āg,1,9,1,2,,,,,,,,
86,9,Pūrvārcika-Āg,1,9,1,2,,,,,,,,
87,9,Pūrvārcika-Āg,1,9,1,2,,,,,,,,
88,9,Pūrvārcika-Āg,1,9,1,2,,,,,,,,
89,9,Pūrvārcika-Āg,1,9,1,2,,,,,,,,
90,9,Pūrvārcika-Āg,1,9,1,2,,,,,,,,
91,10,Pūrvārcika-Āg,1,10,1,2,,,,,,,,
92,10,Pūrvārcika-Āg,1,10,1,2,,,,,,,,
93,10,Pūrvārcika-Āg,1,10,1,2,,,,,,,,
94,10,Pūrvārcika-Āg,1,10,1,2,,,,,,,,
95,10,Pūrvārcika-Āg,1,10,1,2,,,,,,,,
96,10,Pūrvārcika-Āg,1,10,1,2,,,,,,,,
97,1,Pūrvārcika-Āg,1,11,2,1,,,,,,,,
98,1,Pūrvārcika-Āg,1,11,2,1,,,,,,,,
99,1,Pūrvārcika-Āg,1,11,2,1,,,,,,,,
100,1,Pūrvārcika-Āg,1,11,2,1,,,,,,,,
101,1,Pūrvārcika-Āg,1,11,2,1,,,,,,,,
102,1,Pūrvārcika-Āg,1,11,2,1,,,,,,,,
103,1,Pūrvārcika-Āg,1,11,2,1,,,,,,,,
104,1,Pūrvārcika-Āg,1,11,2,1,,,,,,,,
105,1,Pūrvārcika-Āg,1,11,2,1,,,,,,,,
106,1,Pūrvārcika-Āg,1,11,2,1,,,,,,,,
107,2,Pūrvārcika-Āg,1,12,2,1,,,,,,,,
108,2,Pūrvārcika-Āg,1,12,2,1,,,,,,,,
109,2,Pūrvārcika-Āg,1,12,2,1,,,,,,,,
110,2,Pūrvārcika-Āg,1,12,2,1,,,,,,,,
111,2,Pūrvārcika-Āg,1,12,2,1,,,,,,,,
112,2,Pūrvārcika-Āg,1,12,2,1,,,,,,,,
113,2,Pūrvārcika-Āg,1,12,2,1,,,,,,,,
114,2,Pūrvārcika-Āg,1,12,2,1,,,,,,,,
115,3,Pūrvārcika-Ain,2,1,2,1,,,,,,,,
116,3,Pūrvārcika-Ain,2,1,2,1,,,,,,,,
117,3,Pūrvārcika-Ain,2,1,2,1,,,,,,,,
118,3,Pūrvārcika-Ain,2,1,2,1,,,,,,,,
119,3,Pūrvārcika-Ain,2,1,2,1,,,,,,,,
120,3,Pūrvārcika-Ain,2,1,2,1,,,,,,,,
121,3,Pūrvārcika-Ain,2,1,2,1,,,,,,,,
122,3,Pūrvārcika-Ain,2,1,2,1,,,,,,,,
123,3,Pūrvārcika-Ain,2,1,2,1,,,,,,,,
124,3,Pūrvārcika-Ain,2,1,2,1,,,,,,,,
125,4,Pūrvārcika-Ain,2,2,2,1,,,,,,,,
126,4,Pūrvārcika-Ain,2,2,2,1,,,,,,,,
127,4,Pūrvārcika-Ain,2,2,2,1,,,,,,,,
128,4,Pūrvārcika-Ain,2,2,2,1,,,,,,,,
129,4,Pūrvārcika-Ain,2,2,2,1,,,,,,,,
130,4,Pūrvārcika-Ain,2,2,2,1,,,,,,,,
131,4,Pūrvārcika-Ain,2,2,2,1,,,,,,,,
132,4,Pūrvārcika-Ain,2,2,2,1,,,,,,,,
133,4,Pūrvārcika-Ain,2,2,2,1,,,,,,,,
134,4,Pūrvārcika-Ain,2,2,2,1,,,,,,,,
135,5,Pūrvārcika-Ain,2,3,2,1,,,,,,,,
136,5,Pūrvārcika-Ain,2,3,2,1,,,,,,,,
137,5,Pūrvārcika-Ain,2,3,2,1,,,,,,,,
138,5,Pūrvārcika-Ain,2,3,2,1,,,,,,,,
139,5,Pūrvārcika-Ain,2,3,2,1,,,,,,,,
140,5,Pūrvārcika-Ain,2,3,2,1,,,,,,,,
141,5,Pūrvārcika-Ain,2,3,2,1,,,,,,,,
142,5,Pūrvārcika-Ain,2,3,2,1,,,,,,,,
143,5,Pūrvārcika-Ain,2,3,2,1,,,,,,,,
144,5,Pūrvārcika-Ain,2,3,2,1,,,,,,,,
145,6,Pūrvārcika-Ain,2,4,2,2,,,,,,,,
146,6,Pūrvārcika-Ain,2,4,2,2,,,,,,,,
147,6,Pūrvārcika-Ain,2,4,2,2,,,,,,,,
148,6,Pūrvārcika-Ain,2,4,2,2,,,,,,,,
149,6,Pūrvārcika-Ain,2,4,2,2,,,,,,,,
150,6,Pūrvārcika-Ain,2,4,2,2,,,,,,,,
151,6,Pūrvārcika-Ain,2,4,2,2,,,,,,,,
152,6,Pūrvārcika-Ain,2,4,2,2,,,,,,,,
153,6,Pūrvārcika-Ain,2,4,2,2,,,,,,,,
154,6,Pūrvārcika-Ain,2,4,2,2,,,,,,,,
155,6,Pūrvārcika-Ain,2,4,2,2,,,,,,,,
156,7,Pūrvārcika-Ain,2,5,2,2,,,,,,,,
157,7,Pūrvārcika-Ain,2,5,2,2,,,,,,,,
158,7,Pūrvārcika-Ain,2,5,2,2,,,,,,,,
159,7,Pūrvārcika-Ain,2,5,2,2,,,,,,,,
160,7,Pūrvārcika-Ain,2,5,2,2,,,,,,,,
161,7,Pūrvārcika-Ain,2,5,2,2,,,,,,,,
162,7,Pūrvārcika-Ain,2,5,2,2,,,,,,,,
163,7,Pūrvārcika-Ain,2,5,2,2,,,,,,,,
164,7,Pūrvārcika-Ain,2,5,2,2,,,,,,,,
165,8,Pūrvārcika-Ain,2,6,2,2,,,,,,,,
166,8,Pūrvārcika-Ain,2,6,2,2,,,,,,,,
167,8,Pūrvārcika-Ain,2,6,2,2,,,,,,,,
168,8,Pūrvārcika-Ain,2,6,2,2,,,,,,,,
169,8,Pūrvārcika-Ain,2,6,2,2,,,,,,,,
170,8,Pūrvārcika-Ain,2,6,2,2,,,,,,,,
171,8,Pūrvārcika-Ain,2,6,2,2,,,,,,,,
172,8,Pūrvārcika-Ain,2,6,2,2,,,,,,,,
173,8,Pūrvārcika-Ain,2,6,2,2,,,,,,,,
174,8,Pūrvārcika-Ain,2,6,2,2,,,,,,,,
175,9,Pūrvārcika-Ain,2,7,2,2,,,,,,,,
176,9,Pūrvārcika-Ain,2,7,2,2,,,,,,,,
177,9,Pūrvārcika-Ain,2,7,2,2,,,,,,,,
178,9,Pūrvārcika-Ain,2,7,2,2,,,,,,,,
179,9,Pūrvārcika-Ain,2,7,2,2,,,,,,,,
180,9,Pūrvārcika-Ain,2,7,2,2,,,,,,,,
181,9,Pūrvārcika-Ain,2,7,2,2,,,,,,,,
182,9,Pūrvārcika-Ain,2,7,2,2,,,,,,,,
183,9,Pūrvārcika-Ain,2,7,2,2,,,,,,,,
184,9,Pūrvārcika-Ain,2,7,2,2,,,,,,,,
185,10,Pūrvārcika-Ain,2,8,2,2,,,,,,,,
186,10,Pūrvārcika-Ain,2,8,2,2,,,,,,,,
187,10,Pūrvārcika-Ain,2,8,2,2,,,,,,,,
188,10,Pūrvārcika-Ain,2,8,2,2,,,,,,,,
189,10,Pūrvārcika-Ain,2,8,2,2,,,,,,,,
190,10,Pūrvārcika-Ain,2,8,2,2,,,,,,,,
191,10,Pūrvārcika-Ain,2,8,2,2,,,,,,,,
192,10,Pūrvārcika-Ain,2,8,2,2,,,,,,,,
193,10,Pūrvārcika-Ain,2,8,2,2,,,,,,,,
194,1,Pūrvārcika-Ain,2,9,3,1,,,,,,,,
195,1,Pūrvārcika-Ain,2,9,3,1,,,,,,,,
196,1,Pūrvārcika-Ain,2,9,3,1,,,,,,,,
197,1,Pūrvārcika-Ain,2,9,3,1,,,,,,,,
198,1,Pūrvārcika-Ain,2,9,3,1,,,,,,,,
199,1,Pūrvārcika-Ain,2,9,3,1,,,,,,,,
200,1,Pūrvārcika-Ain,2,9,3,1,,,,,,,,
201,1,Pūrvārcika-Ain,2,9,3,1,,,,,,,,
202,1,Pūrvārcika-Ain,2,9,3,1,,,,,,,,
203,1,Pūrvārcika-Ain,2,9,3,1,,,,,,,,
204,2,Pūrvārcika-Ain,2,10,3,1,,,,,,,,
205,2,Pūrvārcika-Ain,2,10,3,1,,,,,,,,
206,2,Pūrvārcika-Ain,2,10,3,1,,,,,,,,
207,2,Pūrvārcika-Ain,2,10,3,1,,,,,,,,
208,2,Pūrvārcika-Ain,2,10,3,1,,,,,,,,
209,2,Pūrvārcika-Ain,2,10,3,1,,,,,,,,
210,2,Pūrvārcika-Ain,2,10,3,1,,,,,,,,
211,2,Pūrvārcika-Ain,2,10,3,1,,,,,,,,
212,2,Pūrvārcika-Ain,2,10,3,1,,,,,,,,
213,2,Pūrvārcika-Ain,2,10,3,1,,,,,,,,
214,3,Pūrvārcika-Ain,2,11,3,1,,,,,,,,
215,3,Pūrvārcika-Ain,2,11,3,1,,,,,,,,
216,3,Pūrvārcika-Ain,2,11,3,1,,,,,,,,
217,3,Pūrvārcika-Ain,2,11,3,1,,,,,,,,
218,3,Pūrvārcika-Ain,2,11,3,1,,,,,,,,
219,3,Pūrvārcika-Ain,2,11,3,1,,,,,,,,
220,3,Pūrvārcika-Ain,2,11,3,1,,,,,,,,
221,3,Pūrvārcika-Ain,2,11,3,1,,,,,,,,
222,3,Pūrvārcika-Ain,2,11,3,1,,,,,,,,
242,5,Pūrvārcika-Ain,3,1,3,1,,,,,,,,
243,6,Pūrvārcika-Ain,3,2,3,2,,,,,,,,
244,6,Pūrvārcika-Ain,3,2,3,2,,,,,,,,
245,6,Pūrvārcika-Ain,3,2,3,2,,,,,,,,
246,6,Pūrvārcika-Ain,3,2,3,2,,,,,,,,
247,6,Pūrvārcika-Ain,3,2,3,2,,,,,,,,
248,6,Pūrvārcika-Ain,3,2,3,2,,,,,,,,
249,6,Pūrvārcika-Ain,3,2,3,2,,,,,,,,
250,6,Pūrvārcika-Ain,3,2,3,2,,,,,,,,
251,6,Pūrvārcika-Ain,3,2,3,2,,,,,,,,
252,6,Pūrvārcika-Ain,3,2,3,2,,,,,,,,
253,7,Pūrvārcika-Ain,3,3,3,2,,,,,,,,
254,7,Pūrvārcika-Ain,3,3,3,2,,,,,,,,
255,7,Pūrvārcika-Ain,3,3,3,2,,,,,,,,
256,7,Pūrvārcika-Ain,3,3,3,2,,,,,,,,
257,7,Pūrvārcika-Ain,3,3,3,2,,,,,,,,
258,7,Pūrvārcika-Ain,3,3,3,2,,,,,,,,
259,7,Pūrvārcika-Ain,3,3,3,2,,,,,,,,
260,7,Pūrvārcika-Ain,3,3,3,2,,,,,,,,
261,7,Pūrvārcika-Ain,3,3,3,2,,,,,,,,
262,7,Pūrvārcika-Ain,3,3,3,2,,,,,,,,
263,8,Pūrvārcika-Ain,3,4,3,2,,,,,,,,
264,8,Pūrvārcika-Ain,3,4,3,2,,,,,,,,
265,8,Pūrvārcika-Ain,3,4,3,2,,,,,,,,
266,8,Pūrvārcika-Ain,3,4,3,2,,,,,,,,
267,8,Pūrvārcika-Ain,3,4,3,2,,,,,,,,
268,8,Pūrvārcika-Ain,3,4,3,2,,,,,,,,
269,8,Pūrvārcika-Ain,3,4,3,2,,,,,,,,
270,8,Pūrvārcika-Ain,3,4,3,2,,,,,,,,
271,8,Pūrvārcika-Ain,3,4,3,2,,,,,,,,
272,8,Pūrvārcika-Ain,3,4,3,2,,,,,,,,
273,9,Pūrvārcika-Ain,3,4,3,2,,,,,,,,
274,9,Pūrvārcika-Ain,3,4,3,2,,,,,,,,
275,9,Pūrvārcika-Ain,3,4,3,2,,,,,,,,
276,9,Pūrvārcika-Ain,3,5,3,2,,,,,,,,
277,9,Pūrvārcika-Ain,3,5,3,2,,,,,,,,
278,9,Pūrvārcika-Ain,3,5,3,2,,,,,,,,
279,9,Pūrvārcika-Ain,3,5,3,2,,,,,,,,
280,9,Pūrvārcika-Ain,3,5,3,2,,,,,,,,
281,9,Pūrvārcika-Ain,3,5,3,2,,,,,,,,
282,9,Pūrvārcika-Ain,3,5,3,2,,,,,,,,
283,10,Pūrvārcika-Ain,3,6,3,2,,,,,,,,
284,10,Pūrvārcika-Ain,3,6,3,2,,,,,,,,
285,10,Pūrvārcika-Ain,3,6,3,2,,,,,,,,
286,10,Pūrvārcika-Ain,3,6,3,2,,,,,,,,
287,10,Pūrvārcika-Ain,3,6,3,2,,,,,,,,
288,10,Pūrvārcika-Ain,3,6,3,2,,,,,,,,
289,10,Pūrvārcika-Ain,3,6,3,2,,,,,,,,
290,10,Pūrvārcika-Ain,3,6,3,2,,,,,,,,
291,10,Pūrvārcika-Ain,3,6,3,2,,,,,,,,
292,10,Pūrvārcika-Ain,3,6,3,2,,,,,,,,
293,1,Pūrvārcika-Ain,3,7,4,1,,,,,,,,
294,1,Pūrvārcika-Ain,3,7,4,1,,,,,,,,
295,1,Pūrvārcika-Ain,3,7,4,1,,,,,,,,
296,1,Pūrvārcika-Ain,3,7,4,1,,,,,,,,
297,1,Pūrvārcika-Ain,3,7,4,1,,,,,,,,
298,1,Pūrvārcika-Ain,3,7,4,1,,,,,,,,
299,1,Pūrvārcika-Ain,3,7,4,1,,,,,,,,
300,1,Pūrvārcika-Ain,3,7,4,1,,,,,,,,
301,1,Pūrvārcika-Ain,3,7,4,1,,,,,,,,
302,1,Pūrvārcika-Ain,3,7,4,1,,,,,,,,
303,2,Pūrvārcika-Ain,3,8,4,1,,,,,,,,
304,2,Pūrvārcika-Ain,3,8,4,1,,,,,,,,
305,2,Pūrvārcika-Ain,3,8,4,1,,,,,,,,
306,2,Pūrvārcika-Ain,3,8,4,1,,,,,,,,
307,2,Pūrvārcika-Ain,3,8,4,1,,,,,,,,
308,2,Pūrvārcika-Ain,3,8,4,1,,,,,,,,
309,2,Pūrvārcika-Ain,3,8,4,1,,,,,,,,
310,2,Pūrvārcika-Ain,3,8,4,1,,,,,,,,
311,2,Pūrvārcika-Ain,3,8,4,1,,,,,,,,
312,2,Pūrvārcika-Ain,3,8,4,1,,,,,,,,
313,3,Pūrvārcika-Ain,3,9,4,1,,,,,,,,
314,3,Pūrvārcika-Ain,3,9,4,1,,,,,,,,
315,3,Pūrvārcika-Ain,3,9,4,1,,,,,,,,
316,3,Pūrvārcika-Ain,3,9,4,1,,,,,,,,
317,3,Pūrvārcika-Ain,3,9,4,1,,,,,,,,
318,3,Pūrvārcika-Ain,3,9,4,1,,,,,,,,
319,3,Pūrvārcika-Ain,3,9,4,1,,,,,,,,
320,3,Pūrvārcika-Ain,3,9,4,1,,,,,,,,
321,3,Pūrvārcika-Ain,3,9,4,1,,,,,,,,
322,3,Pūrvārcika-Ain,3,9,4,1,,,,,,,,
323,4,Pūrvārcika-Ain,3,10,4,1,,,,,,,,
324,4,Pūrvārcika-Ain,3,10,4,1,,,,,,,,
325,4,Pūrvārcika-Ain,3,10,4,1,,,,,,,,
326,4,Pūrvārcika-Ain,3,10,4,1,,,,,,,,
327,4,Pūrvārcika-Ain,3,10,4,1,,,,,,,,
328,4,Pūrvārcika-Ain,3,10,4,1,,,,,,,,
329,4,Pūrvārcika-Ain,3,10,4,1,,,,,,,,
330,4,Pūrvārcika-Ain,3,10,4,1,,,,,,,,
331,4,Pūrvārcika-Ain,3,10,4,1,,,,,,,,
332,5,Pūrvārcika-Ain,3,11,4,1,,,,,,,,
333,5,Pūrvārcika-Ain,3,11,4,1,,,,,,,,
334,5,Pūrvārcika-Ain,3,11,4,1,,,,,,,,
335,5,Pūrvārcika-Ain,3,11,4,1,,,,,,,,
336,5,Pūrvārcika-Ain,3,11,4,1,,,,,,,,
337,5,Pūrvārcika-Ain,3,11,4,1,,,,,,,,
338,5,Pūrvārcika-Ain,3,11,4,1,,,,,,,,
339,5,Pūrvārcika-Ain,3,11,4,1,,,,,,,,
340,5,Pūrvārcika-Ain,3,11,4,1,,,,,,,,
341,5,Pūrvārcika-Ain,3,11,4,1,,,,,,,,
342,6,Pūrvārcika-Ain,3,12,4,2,,,,,,,,
343,6,Pūrvārcika-Ain,3,12,4,2,,,,,,,,
344,6,Pūrvārcika-Ain,3,12,4,2,,,,,,,,
345,6,Pūrvārcika-Ain,3,12,4,2,,,,,,,,
346,6,Pūrvārcika-Ain,3,12,4,2,,,,,,,,
347,6,Pūrvārcika-Ain,3,12,4,2,,,,,,,,
348,6,Pūrvārcika-Ain,3,12,4,2,,,,,,,,
349,6,Pūrvārcika-Ain,3,12,4,2,,,,,,,,
350,6,Pūrvārcika-Ain,3,12,4,2,,,,,,,,
351,6,Pūrvārcika-Ain,3,12,4,2,,,,,,,,
352,7,Pūrvārcika-Ain,4,1,4,2,,,,,,,,
353,7,Pūrvārcika-Ain,4,1,4,2,,,,,,,,
354,7,Pūrvārcika-Ain,4,1,4,2,,,,,,,,
355,7,Pūrvārcika-Ain,4,1,4,2,,,,,,,,
356,7,Pūrvārcika-Ain,4,1,4,2,,,,,,,,
357,7,Pūrvārcika-Ain,4,1,4,2,,,,,,,,
358,7,Pūrvārcika-Ain,4,1,4,2,,,,,,,,
359,7,Pūrvārcika-Ain,4,1,4,2,,,,,,,,
360,8,Pūrvārcika-Ain,4,2,4,2,,,,,,,,
361,8,Pūrvārcika-Ain,4,2,4,2,,,,,,,,
362,8,Pūrvārcika-Ain,4,2,4,2,,,,,,,,
363,8,Pūrvārcika-Ain,4,2,4,2,,,,,,,,
364,8,Pūrvārcika-Ain,4,2,4,2,,,,,,,,
365,8,Pūrvārcika-Ain,4,2,4,2,,,,,,,,
366,8,Pūrvārcika-Ain,4,2,4,2,,,,,,,,
367,8,Pūrvārcika-Ain,4,2,4,2,,,,,,,,
368,8,Pūrvārcika-Ain,4,2,4,2,,,,,,,,
369,8,Pūrvārcika-Ain,4,2,4,2,,,,,,,,
370,9,Pūrvārcika-Ain,4,3,4,2,,,,,,,,
371,9,Pūrvārcika-Ain,4,3,4,2,,,,,,,,
372,9,Pūrvārcika-Ain,4,3,4,2,,,,,,,,
373,9,Pūrvārcika-Ain,4,3,4,2,,,,,,,,
374,9,Pūrvārcika-Ain,4,3,4,2,,,,,,,,
375,9,Pūrvārcika-Ain,4,3,4,2,,,,,,,,
376,9,Pūrvārcika-Ain,4,3,4,2,,,,,,,,
377,9,Pūrvārcika-Ain,4,3,4,2,,,,,,,,
378,9,Pūrvārcika-Ain,4,3,4,2,,,,,,,,
379,9,Pūrvārcika-Ain,4,3,4,2,,,,,,,,
380,9,Pūrvārcika-Ain,4,3,4,2,,,,,,,,
381,10,Pūrvārcika-Ain,4,4,4,2,,,,,,,,
382,10,Pūrvārcika-Ain,4,4,4,2,,,,,,,,
383,10,Pūrvārcika-Ain,4,4,4,2,,,,,,,,
384,10,Pūrvārcika-Ain,4,4,4,2,,,,,,,,
385,10,Pūrvārcika-Ain,4,4,4,2,,,,,,,,
386,10,Pūrvārcika-Ain,4,4,4,2,,,,,,,,
387,10,Pūrvārcika-Ain,4,4,4,2,,,,,,,,
388,10,Pūrvārcika-Ain,4,4,4,2,,,,,,,,
389,10,Pūrvārcika-Ain,4,4,4,2,,,,,,,,
390,10,Pūrvārcika-Ain,4,4,4,2,,,,,,,,
391,1,Pūrvārcika-Ain,4,5,5,1,,,,,,,,
392,1,Pūrvārcika-Ain,4,5,5,1,,,,,,,,
393,1,Pūrvārcika-Ain,4,5,5,1,,,,,,,,
394,1,Pūrvārcika-Ain,4,5,5,1,,,,,,,,
395,1,Pūrvārcika-Ain,4,5,5,1,,,,,,,,
396,1,Pūrvārcika-Ain,4,5,5,1,,,,,,,,
397,1,Pūrvārcika-Ain,4,5,5,1,,,,,,,,
398,1,Pūrvārcika-Ain,4,5,5,1,,,,,,,,
399,2,Pūrvārcika-Ain,4,6,5,1,,,,,,,,
400,2,Pūrvārcika-Ain,4,6,5,1,,,,,,,,
401,2,Pūrvārcika-Ain,4,6,5,1,,,,,,,,
402,2,Pūrvārcika-Ain,4,6,5,1,,,,,,,,
403,2,Pūrvārcika-Ain,4,6,5,1,,,,,,,,
404,2,Pūrvārcika-Ain,4,6,5,1,,,,,,,,
405,2,Pūrvārcika-Ain,4,6,5,1,,,,,,,,
406,2,Pūrvārcika-Ain,4,6,5,1,,,,,,,,
407,2,Pūrvārcika-Ain,4,6,5,1,,,,,,,,
408,2,Pūrvārcika-Ain,4,6,5,1,,,,,,,,
409,3,Pūrvārcika-Ain,4,7,5,1,,,,,,,,
410,3,Pūrvārcika-Ain,4,7,5,1,,,,,,,,
411,3,Pūrvārcika-Ain,4,7,5,1,,,,,,,,
412,3,Pūrvārcika-Ain,4,7,5,1,,,,,,,,
413,3,Pūrvārcika-Ain,4,7,5,1,,,,,,,,
414,3,Pūrvārcika-Ain,4,7,5,1,,,,,,,,
415,3,Pūrvārcika-Ain,4,7,5,1,,,,,,,,
416,3,Pūrvārcika-Ain,4,7,5,1,,,,,,,,
417,3,Pūrvārcika-Ain,4,7,5,1,,,,,,,,
418,3,Pūrvārcika-Ain,4,7,5,1,,,,,,,,
419,4,Pūrvārcika-Ain,4,8,5,1,,,,,,,,
420,4,Pūrvārcika-Ain,4,8,5,1,,,,,,,,
421,4,Pūrvārcika-Ain,4,8,5,1,,,,,,,,
422,4,Pūrvārcika-Ain,4,8,5,1,,,,,,,,
423,4,Pūrvārcika-Ain,4,8,5,1,,,,,,,,
424,4,Pūrvārcika-Ain,4,8,5,1,,,,,,,,
425,4,Pūrvārcika-Ain,4,8,5,1,,,,,,,,
426,4,Pūrvārcika-Ain,4,8,5,1,,,,,,,,
427,5,Pūrvārcika-Ain,4,9,5,1,,,,,,,,
428,5,Pūrvārcika-Ain,4,9,5,1,,,,,,,,
429,5,Pūrvārcika-Ain,4,9,5,1,,,,,,,,
430,5,Pūrvārcika-Ain,4,9,5,1,,,,,,,,
431,5,Pūrvārcika-Ain,4,9,5,1,,,,,,,,
432,5,Pūrvārcika-Ain,4,9,5,1,,,,,,,,
433,5,Pūrvārcika-Ain,4,9,5,1,,,,,,,,
434,5,Pūrvārcika-Ain,4,9,5,1,,,,,,,,
435,5,Pūrvārcika-Ain,4,9,5,1,,,,,,,,
436,5,Pūrvārcika-Ain,4,9,5,1,,,,,,,,
437,6,Pūrvārcika-Ain,4,10,5,2,,,,,,,,
438,6,Pūrvārcika-Ain,4,10,5,2,,,,,,,,
439,6,Pūrvārcika-Ain,4,10,5,2,,,,,,,,
440,6,Pūrvārcika-Ain,4,10,5,2,,,,,,,,
441,6,Pūrvārcika-Ain,4,10,5,2,,,,,,,,
442,6,Pūrvārcika-Ain,4,10,5,2,,,,,,,,
443,6,Pūrvārcika-Ain,4,10,5,2,,,,,,,,
444,6,Pūrvārcika-Ain,4,10,5,2,,,,,,,,
445,6,Pūrvārcika-Ain,4,10,5,2,,,,,,,,
446,6,Pūrvārcika-Ain,4,10,5,2,,,,,,,,
447,7,Pūrvārcika-Ain,4,11,5,2,,,,,,,,
448,7,Pūrvārcika-Ain,4,11,5,2,,,,,,,,
449,7,Pūrvārcika-Ain,4,11,5,2,,,,,,,,
450,7,Pūrvārcika-Ain,4,11,5,2,,,,,,,,
451,7,Pūrvārcika-Ain,4,11,5,2,,,,,,,,
452,7,Pūrvārcika-Ain,4,11,5,2,,,,,,,,
453,7,Pūrvārcika-Ain,4,11,5,2,,,,,,,,
454,7,Pūrvārcika-Ain,4,11,5,2,,,,,,,,
455,7,Pūrvārcika-Ain,4,11,5,2,,,,,,,,
456,7,Pūrvārcika-Ain,4,11,5,2,,,,,,,,
457,8,Pūrvārcika-Ain,4,12,5,2,,,,,,,,
458,8,Pūrvārcika-Ain,4,12,5,2,,,,,,,,
459,8,Pūrvārcika-Ain,4,12,5,2,,,,,,,,
460,8,Pūrvārcika-Ain,4,12,5,2,,,,,,,,
461,8,Pūrvārcika-Ain,4,12,5,2,,,,,,,,
462,8,Pūrvārcika-Ain,4,12,5,2,,,,,,,,
463,8,Pūrvārcika-Ain,4,12,5,2,,,,,,,,
464,8,Pūrvārcika-Ain,4,12,5,2,,,,,,,,
465,8,Pūrvārcika-Ain,4,12,5,2,,,,,,,,
466,8,Pūrvārcika-Ain,4,12,5,2,,,,,,,,
467,9,Pūrvārcika-Pav,5,1,5,2,,,,,,,,
468,9,Pūrvārcika-Pav,5,1,5,2,,,,,,,,
469,9,Pūrvārcika-Pav,5,1,5,2,,,,,,,,
470,9,Pūrvārcika-Pav,5,1,5,2,,,,,,,,
471,9,Pūrvārcika-Pav,5,1,5,2,,,,,,,,
472,9,Pūrvārcika-Pav,5,1,5,2,,,,,,,,
473,9,Pūrvārcika-Pav,5,1,5,2,,,,,,,,
474,9,Pūrvārcika-Pav,5,1,5,2,,,,,,,,
475,9,Pūrvārcika-Pav,5,1,5,2,,,,,,,,
476,9,Pūrvārcika-Pav,5,1,5,2,,,,,,,,
477,10,Pūrvārcika-Pav,5,2,5,2,,,,,,,,
478,10,Pūrvārcika-Pav,5,2,5,2,,,,,,,,
479,10,Pūrvārcika-Pav,5,2,5,2,,,,,,,,
480,10,Pūrvārcika-Pav,5,2,5,2,,,,,,,,
481,10,Pūrvārcika-Pav,5,2,5,2,,,,,,,,
482,10,Pūrvārcika-Pav,5,2,5,2,,,,,,,,
483,10,Pūrvārcika-Pav,5,2,5,2,,,,,,,,
484,10,Pūrvārcika-Pav,5,2,5,2,,,,,,,,
485,10,Pūrvārcika-Pav,5,2,5,2,,,,,,,,
486,10,Pūrvārcika-Pav,5,2,5,2,,,,,,,,
487,1,Pūrvārcika-Pav,5,3,6,1,,,,,,,,
488,1,Pūrvārcika-Pav,5,3,6,1,,,,,,,,
489,1,Pūrvārcika-Pav,5,3,6,1,,,,,,,,
490,1,Pūrvārcika-Pav,5,3,6,1,,,,,,,,
491,1,Pūrvārcika-Pav,5,3,6,1,,,,,,,,
492,1,Pūrvārcika-Pav,5,3,6,1,,,,,,,,
493,1,Pūrvārcika-Pav,5,3,6,1,,,,,,,,
494,1,Pūrvārcika-Pav,5,3,6,1,,,,,,,,
495,1,Pūrvārcika-Pav,5,3,6,1,,,,,,,,
496,1,Pūrvārcika-Pav,5,3,6,1,,,,,,,,
497,2,Pūrvārcika-Pav,5,4,6,1,,,,,,,,
498,2,Pūrvārcika-Pav,5,4,6,1,,,,,,,,
499,2,Pūrvārcika-Pav,5,4,6,1,,,,,,,,
500,2,Pūrvārcika-Pav,5,4,6,1,,,,,,,,
501,2,Pūrvārcika-Pav,5,4,6,1,,,,,,,,
502,2,Pūrvārcika-Pav,5,4,6,1,,,,,,,,
503,2,Pūrvārcika-Pav,5,4,6,1,,,,,,,,
504,2,Pūrvārcika-Pav,5,4,6,1,,,,,,,,
505,2,Pūrvārcika-Pav,5,4,6,1,,,,,,,,
506,2,Pūrvārcika-Pav,5,4,6,1,,,,,,,,
507,2,Pūrvārcika-Pav,5,4,6,1,,,,,,,,
508,2,Pūrvārcika-Pav,5,4,6,1,,,,,,,,
509,2,Pūrvārcika-Pav,5,4,6,1,,,,,,,,
510,2,Pūrvārcika-Pav,5,4,6,1,,,,,,,,
511,3,Pūrvārcika-Pav,5,5,6,1,,,,,,,,
512,3,Pūrvārcika-Pav,5,5,6,1,,,,,,,,
513,3,Pūrvārcika-Pav,5,5,6,1,,,,,,,,
514,3,Pūrvārcika-Pav,5,5,6,1,,,,,,,,
515,3,Pūrvārcika-Pav,5,5,6,1,,,,,,,,
516,3,Pūrvārcika-Pav,5,5,6,1,,,,,,,,
517,3,Pūrvārcika-Pav,5,5,6,1,,,,,,,,
518,3,Pūrvārcika-Pav,5,5,6,1,,,,,,,,
519,3,Pūrvārcika-Pav,5,5,6,1,,,,,,,,
520,3,Pūrvārcika-Pav,5,5,6,1,,,,,,,,
521,3,Pūrvārcika-Pav,5,5,6,1,,,,,,,,
522,3,Pūrvārcika-Pav,5,5,6,1,,,,,,,,
523,4,Pūrvārcika-Pav,5,6,6,1,,,,,,,,
524,4,Pūrvārcika-Pav,5,6,6,1,,,,,,,,
525,4,Pūrvārcika-Pav,5,6,6,1,,,,,,,,
526,4,Pūrvārcika-Pav,5,6,6,1,,,,,,,,
527,4,Pūrvārcika-Pav,5,6,6,1,,,,,,,,
528,4,Pūrvārcika-Pav,5,6,6,1,,,,,,,,
529,4,Pūrvārcika-Pav,5,6,6,1,,,,,,,,
530,4,Pūrvārcika-Pav,5,6,6,1,,,,,,,,
531,4,Pūrvārcika-Pav,5,6,6,1,,,,,,,,
532,4,Pūrvārcika-Pav,5,6,6,1,,,,,,,,
533,5,Pūrvārcika-Pav,5,7,6,1,,,,,,,,
534,5,Pūrvārcika-Pav,5,7,6,1,,,,,,,,
535,5,Pūrvārcika-Pav,5,7,6,1,,,,,,,,
536,5,Pūrvārcika-Pav,5,7,6,1,,,,,,,,
537,5,Pūrvārcika-Pav,5,7,6,1,,,,,,,,
538,5,Pūrvārcika-Pav,5,7,6,1,,,,,,,,
539,5,Pūrvārcika-Pav,5,7,6,1,,,,,,,,
540,5,Pūrvārcika-Pav,5,7,6,1,,,,,,,,
541,5,Pūrvārcika-Pav,5,7,6,1,,,,,,,,
542,5,Pūrvārcika-Pav,5,7,6,1,,,,,,,,
543,5,Pūrvārcika-Pav,5,7,6,1,,,,,,,,
544,5,Pūrvārcika-Pav,5,7,6,1,,,,,,,,
545,6,Pūrvārcika-Pav,5,8,6,2,,,,,,,,
546,6,Pūrvārcika-Pav,5,8,6,2,,,,,,,,
547,6,Pūrvārcika-Pav,5,8,6,2,,,,,,,,
548,6,Pūrvārcika-Pav,5,8,6,2,,,,,,,,
549,6,Pūrvārcika-Pav,5,8,6,2,,,,,,,,
550,6,Pūrvārcika-Pav,5,8,6,2,,,,,,,,
551,6,Pūrvārcika-Pav,5,8,6,2,,,,,,,,
552,6,Pūrvārcika-Pav,5,8,6,2,,,,,,,,
553,6,Pūrvārcika-Pav,5,8,6,2,,,,,,,,
554,7,Pūrvārcika-Pav,5,9,6,2,,,,,,,,
555,7,Pūrvārcika-Pav,5,9,6,2,,,,,,,,
556,7,Pūrvārcika-Pav,5,9,6,2,,,,,,,,
557,7,Pūrvārcika-Pav,5,9,6,2,,,,,,,,
558,7,Pūrvārcika-Pav,5,9,6,2,,,,,,,,
559,7,Pūrvārcika-Pav,5,9,6,2,,,,,,,,
560,7,Pūrvārcika-Pav,5,9,6,2,,,,,,,,
561,7,Pūrvārcika-Pav,5,9,6,2,,,,,,,,
562,7,Pūrvārcika-Pav,5,9,6,2,,,,,,,,
563,7,Pūrvārcika-Pav,5,9,6,2,,,,,,,,
564,7,Pūrvārcika-Pav,5,9,6,2,,,,,,,,
565,7,Pūrvārcika-Pav,5,9,6,2,,,,,,,,
566,8,Pūrvārcika-Pav,5,10,6,2,,,,,,,,
567,8,Pūrvārcika-Pav,5,10,6,2,,,,,,,,
568,8,Pūrvārcika-Pav,5,10,6,2,,,,,,,,
569,8,Pūrvārcika-Pav,5,10,6,2,,,,,,,,
570,8,Pūrvārcika-Pav,5,10,6,2,,,,,,,,
571,8,Pūrvārcika-Pav,5,10,6,2,,,,,,,,
572,8,Pūrvārcika-Pav,5,10,6,2,,,,,,,,
573,8,Pūrvārcika-Pav,5,10,6,2,,,,,,,,
574,8,Pūrvārcika-Pav,5,10,6,2,,,,,,,,
575,8,Pūrvārcika-Pav,5,10,6,2,,,,,,,,
576,8,Pūrvārcika-Pav,5,10,6,2,,,,,,,,
577,8,Pūrvārcika-Pav,5,10,6,2,,,,,,,,
578,9,Pūrvārcika-Pav,5,11,6,2,,,,,,,,
579,9,Pūrvārcika-Pav,5,11,6,2,,,,,,,,
580,9,Pūrvārcika-Pav,5,11,6,2,,,,,,,,
581,9,Pūrvārcika-Pav,5,11,6,2,,,,,,,,
582,9,Pūrvārcika-Pav,5,11,6,2,,,,,,,,
583,9,Pūrvārcika-Pav,5,11,6,2,,,,,,,,
584,9,Pūrvārcika-Pav,5,11,6,2,,,,,,,,
585,9,Pūrvārcika-Pav,5,11,6,2,,,,,,,,
586,1,Āraṇyārcika,,1,,,,,,,,,,
587,1,Āraṇyārcika,,1,,,,,,,,,,
588,1,Āraṇyārcika,,1,,,,,,,,,,
589,1,Āraṇyārcika,,1,,,,,,,,,,
590,1,Āraṇyārcika,,1,,,,,,,,,,
591,1,Āraṇyārcika,,1,,,,,,,,,,
592,1,Āraṇyārcika,,1,,,,,,,,,,
593,1,Āraṇyārcika,,1,,,,,,,,,,
594,1,Āraṇyārcika,,1,,,,,,,,,,
595,1,Āraṇyārcika,,1,,,,,,,,,,
596,2,Āraṇyārcika,,2,,,,,,,,,,
597,2,Āraṇyārcika,,2,,,,,,,,,,
598,2,Āraṇyārcika,,2,,,,,,,,,,
599,2,Āraṇyārcika,,2,,,,,,,,,,
600,2,Āraṇyārcika,,2,,,,,,,,,,
601,2,Āraṇyārcika,,2,,,,,,,,,,
602,3,Āraṇyārcika,,3,,,,,,,,,,
603,3,Āraṇyārcika,,3,,,,,,,,,,
604,3,Āraṇyārcika,,3,,,,,,,,,,
605,3,Āraṇyārcika,,3,,,,,,,,,,
606,3,Āraṇyārcika,,3,,,,,,,,,,
607,3,Āraṇyārcika,,3,,,,,,,,,,
608,3,Āraṇyārcika,,3,,,,,,,,,,
609,3,Āraṇyārcika,,3,,,,,,,,,,
610,3,Āraṇyārcika,,3,,,,,,,,,,
611,3,Āraṇyārcika,,3,,,,,,,,,,
612,3,Āraṇyārcika,,3,,,,,,,,,,
613,3,Āraṇyārcika,,3,,,,,,,,,,
614,3,Āraṇyārcika,,3,,,,,,,,,,
615,4,Āraṇyārcika,,4,,,,,,,,,,
616,4,Āraṇyārcika,,4,,,,,,,,,,
617,4,Āraṇyārcika,,4,,,,,,,,,,
618,4,Āraṇyārcika,,4,,,,,,,,,,
619,4,Āraṇyārcika,,4,,,,,,,,,,
620,4,Āraṇyārcika,,4,,,,,,,,,,
621,4,Āraṇyārcika,,4,,,,,,,,,,
622,4,Āraṇyārcika,,4,,,,,,,,,,
623,4,Āraṇyārcika,,4,,,,,,,,,,
624,4,Āraṇyārcika,,4,,,,,,,,,,
625,4,Āraṇyārcika,,4,,,,,,,,,,
626,4,Āraṇyārcika,,4,,,,,,,,,,
627,5,Āraṇyārcika,,5,,,,,,,,,,
628,5,Āraṇyārcika,,5,,,,,,,,,,
629,5,Āraṇyārcika,,5,,,,,,,,,,
630,5,Āraṇyārcika,,5,,,,,,,,,,
631,5,Āraṇyārcika,,5,,,,,,,,,,
632,5,Āraṇyārcika,,5,,,,,,,,,,
633,5,Āraṇyārcika,,5,,,,,,,,,,
634,5,Āraṇyārcika,,5,,,,,,,,,,
635,5,Āraṇyārcika,,5,,,,,,,,,,
636,5,Āraṇyārcika,,5,,,,,,,,,,
637,5,Āraṇyārcika,,5,,,,,,,,,,
638,5,Āraṇyārcika,,5,,,,,,,,,,
639,5,Āraṇyārcika,,5,,,,,,,,,,
640,5,Āraṇyārcika,,5,,,,,,,,,,
641,1,Mahānāmnyārcikaḥ,,1,,,,,,,,,,
642,1,Mahānāmnyārcikaḥ,,1,,,,,,,,,,
643,1,Mahānāmnyārcikaḥ,,1,,,,,,,,,,
644,1,Mahānāmnyārcikaḥ,,1,,,,,,,,,,
645,1,Mahānāmnyārcikaḥ,,1,,,,,,,,,,
646,1,Mahānāmnyārcikaḥ,,1,,,,,,,,,,
647,1,Mahānāmnyārcikaḥ,,1,,,,,,,,,,
648,1,Mahānāmnyārcikaḥ,,1,,,,,,,,,,
649,1,Mahānāmnyārcikaḥ,,1,,,,,,,,,,
650,1,Mahānāmnyārcikaḥ,,1,,,,,,,,,,
651,1,Uttarārcika,1,1,1,1,,,,,,,,
652,1,Uttarārcika,1,1,1,1,,,,,,,,
653,1,Uttarārcika,1,1,1,1,,,,,,,,
654,2,Uttarārcika,1,1,1,1,,,,,,,,
655,2,Uttarārcika,1,1,1,1,,,,,,,,
656,2,Uttarārcika,1,1,1,1,,,,,,,,
657,3,Uttarārcika,1,1,1,1,,,,,,,,
658,3,Uttarārcika,1,1,1,1,,,,,,,,
659,3,Uttarārcika,1,1,1,1,,,,,,,,
660,4,Uttarārcika,1,2,1,1,,,,,,,,
661,4,Uttarārcika,1,2,1,1,,,,,,,,
662,4,Uttarārcika,1,2,1,1,,,,,,,,
663,5,Uttarārcika,1,2,1,1,,,,,,,,
664,5,Uttarārcika,1,2,1,1,,,,,,,,
665,5,Uttarārcika,1,2,1,1,,,,,,,,
666,6,Uttarārcika,1,2,1,1,,,,,,,,
667,6,Uttarārcika,1,2,1,1,,,,,,,,
668,6,Uttarārcika,1,2,1,1,,,,,,,,
669,7,Uttarārcika,1,2,1,1,,,,,,,,
670,7,Uttarārcika,1,2,1,1,,,,,,,,
671,7,Uttarārcika,1,2,1,1,,,,,,,,
672,8,Uttarārcika,1,3,1,1,,,,,,,,
673,8,Uttarārcika,1,3,1,1,,,,,,,,
674,8,Uttarārcika,1,3,1,1,,,,,,,,
675,9,Uttarārcika,1,3,1,1,,,,,,,,
676,9,Uttarārcika,1,3,1,1,,,,,,,,
677,10,Uttarārcika,1,3,1,1,,,,,,,,
678,10,Uttarārcika,1,3,1,1,,,,,,,,
679,10,Uttarārcika,1,3,1,1,,,,,,,,
680,11,Uttarārcika,1,4,1,1,,,,,,,,
681,11,Uttarārcika,1,4,1,1,,,,,,,,
682,12,Uttarārcika,1,4,1,1,,,,,,,,
683,12,Uttarārcika,1,4,1,1,,,,,,,,
684,12,Uttarārcika,1,4,1,1,,,,,,,,
685,13,Uttarārcika,1,4,1,1,,,,,,,,
686,13,Uttarārcika,1,4,1,1,,,,,,,,
687,14,Uttarārcika,1,4,1,1,,,,,,,,
688,13,Uttarārcika,1,4,1,1,,,,,,,,
689,15,Uttarārcika,1,4,1,1,,,,,,,,
690,15,Uttarārcika,1,4,1,1,,,,,,,,
691,15,Uttarārcika,1,4,1,1,,,,,,,,
692,16,Uttarārcika,1,5,1,1,,,,,,,,
693,16,Uttarārcika,1,5,1,1,,,,,,,,
694,17,Uttarārcika,1,5,1,1,,,,,,,,
695,17,Uttarārcika,1,5,1,1,,,,,,,,
696,17,Uttarārcika,1,5,1,1,,,,,,,,
697,18,Uttarārcika,1,5,1,1,,,,,,,,
698,18,Uttarārcika,1,5,1,1,,,,,,,,
699,18,Uttarārcika,1,5,1,1,,,,,,,,
700,19,Uttarārcika,1,5,1,1,,,,,,,,
701,19,Uttarārcika,1,5,1,1,,,,,,,,
702,19,Uttarārcika,1,5,1,1,,,,,,,,
703,20,Uttarārcika,1,6,1,1,,,,,,,,
704,20,Uttarārcika,1,6,1,1,,,,,,,,
705,21,Uttarārcika,1,6,1,1,,,,,,,,
706,21,Uttarārcika,1,6,1,1,,,,,,,,
707,21,Uttarārcika,1,6,1,1,,,,,,,,
708,22,Uttarārcika,1,6,1,1,,,,,,,,
709,22,Uttarārcika,1,6,1,1,,,,,,,,
710,23,Uttarārcika,1,6,1,1,,,,,,,,
711,23,Uttarārcika,1,6,1,1,,,,,,,,
712,23,Uttarārcika,1,6,1,1,,,,,,,,
713,1,Uttarārcika,2,1,1,2,,,,,,,,
714,1,Uttarārcika,2,1,1,2,,,,,,,,
715,1,Uttarārcika,2,1,1,2,,,,,,,,
716,2,Uttarārcika,2,1,1,2,,,,,,,,
717,2,Uttarārcika,2,1,1,2,,,,,,,,
718,2,Uttarārcika,2,1,1,2,,,,,,,,
719,3,Uttarārcika,2,1,1,2,,,,,,,,
720,3,Uttarārcika,2,1,1,2,,,,,,,,
721,3,Uttarārcika,2,1,1,2,,,,,,,,
722,4,Uttarārcika,2,1,1,2,,,,,,,,
723,4,Uttarārcika,2,1,1,2,,,,,,,,
724,4,Uttarārcika,2,1,1,2,,,,,,,,
725,5,Uttarārcika,2,2,1,2,,,,,,,,
726,5,Uttarārcika,2,2,1,2,,,,,,,,
727,5,Uttarārcika,2,2,1,2,,,,,,,,
728,6,Uttarārcika,2,2,1,2,,,,,,,,
729,6,Uttarārcika,2,2,1,2,,,,,,,,
730,6,Uttarārcika,2,2,1,2,,,,,,,,
731,7,Uttarārcika,2,2,1,2,,,,,,,,
732,7,Uttarārcika,2,2,1,2,,,,,,,,
733,7,Uttarārcika,2,2,1,2,,,,,,,,
734,8,Uttarārcika,2,2,1,2,,,,,,,,
735,8,Uttarārcika,2,2,1,2,,,,,,,,
736,8,Uttarārcika,2,2,1,2,,,,,,,,
737,9,Uttarārcika,2,3,1,2,,,,,,,,
738,9,Uttarārcika,2,3,1,2,,,,,,,,
739,9,Uttarārcika,2,3,1,2,,,,,,,,
740,10,Uttarārcika,2,3,1,2,,,,,,,,
741,10,Uttarārcika,2,3,1,2,,,,,,,,
742,10,Uttarārcika,2,3,1,2,,,,,,,,
743,11,Uttarārcika,2,3,1,2,,,,,,,,
744,11,Uttarārcika,2,3,1,2,,,,,,,,
745,11,Uttarārcika,2,3,1,2,,,,,,,,
746,12,Uttarārcika,2,3,1,2,,,,,,,,
747,12,Uttarārcika,2,3,1,2,,,,,,,,
748,12,Uttarārcika,2,3,1,2,,,,,,,,
749,13,Uttarārcika,2,4,1,2,,,,,,,,
750,13,Uttarārcika,2,4,1,2,,,,,,,,
751,14,Uttarārcika,2,4,1,2,,,,,,,,
752,14,Uttarārcika,2,4,1,2,,,,,,,,
753,15,Uttarārcika,2,4,1,2,,,,,,,,
754,15,Uttarārcika,2,4,1,2,,,,,,,,
755,16,Uttarārcika,2,5,1,2,,,,,,,,
756,16,Uttarārcika,2,5,1,2,,,,,,,,
757,16,Uttarārcika,2,5,1,2,,,,,,,,
758,17,Uttarārcika,2,5,1,2,,,,,,,,
759,17,Uttarārcika,2,5,1,2,,,,,,,,
760,17,Uttarārcika,2,5,1,2,,,,,,,,
761,18,Uttarārcika,2,5,1,2,,,,,,,,
762,18,Uttarārcika,2,5,1,2,,,,,,,,
763,18,Uttarārcika,2,5,1,2,,,,,,,,
764,19,Uttarārcika,2,6,1,2,,,,,,,,
765,19,Uttarārcika,2,6,1,2,,,,,,,,
766,19,Uttarārcika,2,6,1,2,,,,,,,,
767,20,Uttarārcika,2,6,1,2,,,,,,,,
768,20,Uttarārcika,2,6,1,2,,,,,,,,
769,21,Uttarārcika,2,6,1,2,,,,,,,,
770,21,Uttarārcika,2,6,1,2,,,,,,,,
771,21,Uttarārcika,2,6,1,2,,,,,,,,
772,22,Uttarārcika,2,6,1,2,,,,,,,,
773,22,Uttarārcika,2,6,1,2,,,,,,,,
774,22,Uttarārcika,2,6,1,2,,,,,,,,
775,1,Uttarārcika,3,1,2,1,,,,,,,,
776,1,Uttarārcika,3,1,2,1,,,,,,,,
777,1,Uttarārcika,3,1,2,1,,,,,,,,
778,2,Uttarārcika,3,1,2,1,,,,,,,,
779,2,Uttarārcika,3,1,2,1,,,,,,,,
780,2,Uttarārcika,3,1,2,1,,,,,,,,
781,3,Uttarārcika,3,1,2,1,,,,,,,,
782,3,Uttarārcika,3,1,2,1,,,,,,,,
783,3,Uttarārcika,3,1,2,1,,,,,,,,
784,4,Uttarārcika,3,1,2,1,,,,,,,,
785,4,Uttarārcika,3,1,2,1,,,,,,,,
786,4,Uttarārcika,3,1,2,1,,,,,,,,
787,5,Uttarārcika,3,1,2,1,,,,,,,,
788,5,Uttarārcika,3,1,2,1,,,,,,,,
789,5,Uttarārcika,3,1,2,1,,,,,,,,
790,6,Uttarārcika,3,2,2,1,,,,,,,,
791,6,Uttarārcika,3,2,2,1,,,,,,,,
792,6,Uttarārcika,3,2,2,1,,,,,,,,
793,7,Uttarārcika,3,2,2,1,,,,,,,,
794,7,Uttarārcika,3,2,2,1,,,,,,,,
795,7,Uttarārcika,3,2,2,1,,,,,,,,
796,8,Uttarārcika,3,2,2,1,,,,,,,,
797,8,Uttarārcika,3,2,2,1,,,,,,,,
798,8,Uttarārcika,3,2,2,1,,,,,,,,
799,8,Uttarārcika,3,2,2,1,,,,,,,,
800,9,Uttarārcika,3,2,2,1,,,,,,,,
801,9,Uttarārcika,3,2,2,1,,,,,,,,
802,9,Uttarārcika,3,2,2,1,,,,,,,,
803,10,Uttarārcika,3,3,2,1,,,,,,,,
804,10,Uttarārcika,3,3,2,1,,,,,,,,
805,10,Uttarārcika,3,3,2,1,,,,,,,,
806,11,Uttarārcika,3,3,2,1,,,,,,,,
807,11,Uttarārcika,3,3,2,1,,,,,,,,
808,11,Uttarārcika,3,3,2,1,,,,,,,,
809,12,Uttarārcika,3,4,2,1,,,,,,,,
810,12,Uttarārcika,3,4,2,1,,,,,,,,
811,13,Uttarārcika,3,4,2,1,,,,,,,,
812,13,Uttarārcika,3,4,2,1,,,,,,,,
813,14,Uttarārcika,3,4,2,1,,,,,,,,
814,14,Uttarārcika,3,4,2,1,,,,,,,,
815,15,Uttarārcika,3,5,2,1,,,,,,,,
816,15,Uttarārcika,3,5,2,1,,,,,,,,
817,15,Uttarārcika,3,5,2,1,,,,,,,,
818,16,Uttarārcika,3,5,2,1,,,,,,,,
819,16,Uttarārcika,3,5,2,1,,,,,,,,
820,16,Uttarārcika,3,5,2,1,,,,,,,,
821,17,Uttarārcika,3,5,2,1,,,,,,,,
822,17,Uttarārcika,3,5,2,1,,,,,,,,
823,17,Uttarārcika,3,5,2,1,,,,,,,,
824,18,Uttarārcika,3,6,2,1,,,,,,,,
825,18,Uttarārcika,3,6,2,1,,,,,,,,
826,18,Uttarārcika,3,6,2,1,,,,,,,,
827,19,Uttarārcika,3,6,2,1,,,,,,,,
828,19,Uttarārcika,3,6,2,1,,,,,,,,
829,19,Uttarārcika,3,6,2,1,,,,,,,,
830,1,Uttarārcika,4,1,2,2,,,,,,,,
831,1,Uttarārcika,4,1,2,2,,,,,,,,
832,1,Uttarārcika,4,1,2,2,,,,,,,,
833,2,Uttarārcika,4,1,2,2,,,,,,,,
834,2,Uttarārcika,4,1,2,2,,,,,,,,
835,2,Uttarārcika,4,1,2,2,,,,,,,,
836,3,Uttarārcika,4,1,2,2,,,,,,,,
837,3,Uttarārcika,4,1,2,2,,,,,,,,
838,3,Uttarārcika,4,1,2,2,,,,,,,,
839,3,Uttarārcika,4,1,2,2,,,,,,,,
840,3,Uttarārcika,4,1,2,2,,,,,,,,
841,4,Uttarārcika,4,1,2,2,,,,,,,,
842,4,Uttarārcika,4,1,2,2,,,,,,,,
843,4,Uttarārcika,4,1,2,2,,,,,,,,
844,5,Uttarārcika,4,2,2,2,,,,,,,,
845,5,Uttarārcika,4,2,2,2,,,,,,,,
846,5,Uttarārcika,4,2,2,2,,,,,,,,
847,6,Uttarārcika,4,2,2,2,,,,,,,,
848,6,Uttarārcika,4,2,2,2,,,,,,,,
849,6,Uttarārcika,4,2,2,2,,,,,,,,
850,7,Uttarārcika,4,2,2,2,,,,,,,,
851,7,Uttarārcika,4,2,2,2,,,,,,,,
852,7,Uttarārcika,4,2,2,2,,,,,,,,
853,8,Uttarārcika,4,2,2,2,,,,,,,,
854,8,Uttarārcika,4,2,2,2,,,,,,,,
855,8,Uttarārcika,4,2,2,2,,,,,,,,
856,9,Uttarārcika,4,3,2,2,,,,,,,,
857,9,Uttarārcika,4,3,2,2,,,,,,,,
858,9,Uttarārcika,4,3,2,2,,,,,,,,
859,10,Uttarārcika,4,3,2,2,,,,,,,,
860,10,Uttarārcika,4,3,2,2,,,,,,,,
861,10,Uttarārcika,4,3,2,2,,,,,,,,
862,11,Uttarārcika,4,4,2,2,,,,,,,,
863,11,Uttarārcika,4,4,2,2,,,,,,,,
864,12,Uttarārcika,4,4,2,2,,,,,,,,
865,12,Uttarārcika,4,4,2,2,,,,,,,,
866,12,Uttarārcika,4,4,2,2,,,,,,,,
867,13,Uttarārcika,4,4,2,2,,,,,,,,
868,13,Uttarārcika,4,4,2,2,,,,,,,,
869,14,Uttarārcika,4,5,2,2,,,,,,,,
870,14,Uttarārcika,4,5,2,2,,,,,,,,
871,14,Uttarārcika,4,5,2,2,,,,,,,,
872,15,Uttarārcika,4,5,2,2,,,,,,,,
873,15,Uttarārcika,4,5,2,2,,,,,,,,
874,15,Uttarārcika,4,5,2,2,,,,,,,,
875,16,Uttarārcika,4,5,2,2,,,,,,,,
876,16,Uttarārcika,4,5,2,2,,,,,,,,
877,16,Uttarārcika,4,5,2,2,,,,,,,,
878,17,Uttarārcika,4,6,2,2,,,,,,,,
879,17,Uttarārcika,4,6,2,2,,,,,,,,
880,18,Uttarārcika,4,6,2,2,,,,,,,,
881,18,Uttarārcika,4,6,2,2,,,,,,,,
882,18,Uttarārcika,4,6,2,2,,,,,,,,
883,19,Uttarārcika,4,6,2,2,,,,,,,,
884,19,Uttarārcika,4,6,2,2,,,,,,,,
885,19,Uttarārcika,4,6,2,2,,,,,,,,
886,1,Uttarārcika,5,1,3,1,,,,,,,,
887,1,Uttarārcika,5,1,3,1,,,,,,,,
888,1,Uttarārcika,5,1,3,1,,,,,,,,
889,2,Uttarārcika,5,1,3,1,,,,,,,,
890,2,Uttarārcika,5,1,3,1,,,,,,,,
891,2,Uttarārcika,5,1,3,1,,,,,,,,
892,3,Uttarārcika,5,1,3,1,,,,,,,,
893,3,Uttarārcika,5,1,3,1,,,,,,,,
894,3,Uttarārcika,5,1,3,1,,,,,,,,
895,3,Uttarārcika,5,1,3,1,,,,,,,,
896,3,Uttarārcika,5,1,3,1,,,,,,,,
897,3,Uttarārcika,5,1,3,1,,,,,,,,
898,4,Uttarārcika,5,2,3,1,,,,,,,,
899,4,Uttarārcika,5,2,3,1,,,,,,,,
900,4,Uttarārcika,5,2,3,1,,,,,,,,
901,4,Uttarārcika,5,2,3,1,,,,,,,,
902,4,Uttarārcika,5,2,3,1,,,,,,,,
903,4,Uttarārcika,5,2,3,1,,,,,,,,
904,5,Uttarārcika,5,2,3,1,,,,,,,,
905,5,Uttarārcika,5,2,3,1,,,,,,,,
906,5,Uttarārcika,5,2,3,1,,,,,,,,
907,6,Uttarārcika,5,3,3,1,,,,,,,,
908,6,Uttarārcika,5,3,3,1,,,,,,,,
909,6,Uttarārcika,5,3,3,1,,,,,,,,
910,7,Uttarārcika,5,3,3,1,,,,,,,,
911,7,Uttarārcika,5,3,3,1,,,,,,,,
912,7,Uttarārcika,5,3,3,1,,,,,,,,
913,8,Uttarārcika,5,3,3,1,,,,,,,,
914,8,Uttarārcika,5,3,3,1,,,,,,,,
915,8,Uttarārcika,5,3,3,1,,,,,,,,
916,9,Uttarārcika,5,3,3,1,,,,,,,,
917,9,Uttarārcika,5,3,3,1,,,,,,,,
918,9,Uttarārcika,5,3,3,1,,,,,,,,
919,10,Uttarārcika,5,4,3,1,,,,,,,,
920,10,Uttarārcika,5,4,3,1,,,,,,,,
921,10,Uttarārcika,5,4,3,1,,,,,,,,
922,11,Uttarārcika,5,4,3,1,,,,,,,,
923,11,Uttarārcika,5,4,3,1,,,,,,,,
924,12,Uttarārcika,5,4,3,1,,,,,,,,
925,12,Uttarārcika,5,4,3,1,,,,,,,,
926,12,Uttarārcika,5,4,3,1,,,,,,,,
927,13,Uttarārcika,5,5,3,1,,,,,,,,
928,13,Uttarārcika,5,5,3,1,,,,,,,,
929,13,Uttarārcika,5,5,3,1,,,,,,,,
930,14,Uttarārcika,5,5,3,1,,,,,,,,
931,14,Uttarārcika,5,5,3,1,,,,,,,,
932,14,Uttarārcika,5,5,3,1,,,,,,,,
933,15,Uttarārcika,5,5,3,1,,,,,,,,
934,15,Uttarārcika,5,5,3,1,,,,,,,,
935,16,Uttarārcika,5,6,3,1,,,,,,,,
936,16,Uttarārcika,5,6,3,1,,,,,,,,
937,16,Uttarārcika,5,6,3,1,,,,,,,,
938,17,Uttarārcika,5,6,3,1,,,,,,,,
939,17,Uttarārcika,5,6,3,1,,,,,,,,
940,18,Uttarārcika,5,6,3,1,,,,,,,,
941,18,Uttarārcika,5,6,3,1,,,,,,,,
942,18,Uttarārcika,5,6,3,1,,,,,,,,
943,19,Uttarārcika,5,6,3,1,,,,,,,,
944,19,Uttarārcika,5,6,3,1,,,,,,,,
945,19,Uttarārcika,5,6,3,1,,,,,,,,
946,20,Uttarārcika,5,7,3,1,,,,,,,,
947,20,Uttarārcika,5,7,3,1,,,,,,,,
948,20,Uttarārcika,5,7,3,1,,,,,,,,
949,21,Uttarārcika,5,7,3,1,,,,,,,,
950,21,Uttarārcika,5,7,3,1,,,,,,,,
951,21,Uttarārcika,5,7,3,1,,,,,,,,
952,22,Uttarārcika,5,7,3,1,,,,,,,,
953,22,Uttarārcika,5,7,3,1,,,,,,,,
954,22,Uttarārcika,5,7,3,1,,,,,,,,
955,1,Uttarārcika,6,1,3,2,,,,,,,,
956,1,Uttarārcika,6,1,3,2,,,,,,,,
957,1,Uttarārcika,6,1,3,2,,,,,,,,
958,2,Uttarārcika,6,1,3,2,,,,,,,,
959,2,Uttarārcika,6,1,3,2,,,,,,,,
960,2,Uttarārcika,6,1,3,2,,,,,,,,
961,3,Uttarārcika,6,1,3,2,,,,,,,,
962,3,Uttarārcika,6,1,3,2,,,,,,,,
963,3,Uttarārcika,6,1,3,2,,,,,,,,
964,3,Uttarārcika,6,1,3,2,,,,,,,,
965,3,Uttarārcika,6,1,3,2,,,,,,,,
966,3,Uttarārcika,6,1,3,2,,,,,,,,
967,3,Uttarārcika,6,1,3,2,,,,,,,,
968,4,Uttarārcika,6,2,3,2,,,,,,,,
969,4,Uttarārcika,6,2,3,2,,,,,,,,
970,4,Uttarārcika,6,2,3,2,,,,,,,,
971,4,Uttarārcika,6,2,3,2,,,,,,,,
972,4,Uttarārcika,6,2,3,2,,,,,,,,
973,4,Uttarārcika,6,2,3,2,,,,,,,,
974,4,Uttarārcika,6,2,3,2,,,,,,,,
975,5,Uttarārcika,6,2,3,2,,,,,,,,
976,5,Uttarārcika,6,2,3,2,,,,,,,,
977,5,Uttarārcika,6,2,3,2,,,,,,,,
978,5,Uttarārcika,6,2,3,2,,,,,,,,
979,6,Uttarārcika,6,2,3,2,,,,,,,,
980,6,Uttarārcika,6,2,3,2,,,,,,,,
981,6,Uttarārcika,6,2,3,2,,,,,,,,
982,7,Uttarārcika,6,3,3,2,,,,,,,,
983,7,Uttarārcika,6,3,3,2,,,,,,,,
984,7,Uttarārcika,6,3,3,2,,,,,,,,
985,8,Uttarārcika,6,3,3,2,,,,,,,,
986,8,Uttarārcika,6,3,3,2,,,,,,,,
987,8,Uttarārcika,6,3,3,2,,,,,,,,
988,9,Uttarārcika,6,3,3,2,,,,,,,,
989,9,Uttarārcika,6,3,3,2,,,,,,,,
990,9,Uttarārcika,6,3,3,2,,,,,,,,
991,10,Uttarārcika,6,3,3,2,,,,,,,,
992,10,Uttarārcika,6,3,3,2,,,,,,,,
993,10,Uttarārcika,6,3,3,2,,,,,,,,
994,11,Uttarārcika,6,4,3,2,,,,,,,,
995,11,Uttarārcika,6,4,3,2,,,,,,,,
996,11,Uttarārcika,6,4,3,2,,,,,,,,
997,12,Uttarārcika,6,4,3,2,,,,,,,,
998,12,Uttarārcika,6,4,3,2,,,,,,,,
999,13,Uttarārcika,6,4,3,2,,,,,,,,
1000,13,Uttarārcika,6,4,3,2,,,,,,,,
1001,13,Uttarārcika,6,4,3,2,,,,,,,,
1002,14,Uttarārcika,6,5,3,2,,,,,,,,
1003,14,Uttarārcika,6,5,3,2,,,,,,,,
1004,14,Uttarārcika,6,5,3,2,,,,,,,,
1005,15,Uttarārcika,6,5,3,2,,,,,,,,
1006,15,Uttarārcika,6,5,3,2,,,,,,,,
1007,15,Uttarārcika,6,5,3,2,,,,,,,,
1008,16,Uttarārcika,6,6,3,2,,,,,,,,
1009,16,Uttarārcika,6,6,3,2,,,,,,,,
1010,16,Uttarārcika,6,6,3,2,,,,,,,,
1011,17,Uttarārcika,6,6,3,2,,,,,,,,
1012,17,Uttarārcika,6,6,3,2,,,,,,,,
1013,18,Uttarārcika,6,6,3,2,,,,,,,,
1014,18,Uttarārcika,6,6,3,2,,,,,,,,
1015,18,Uttarārcika,6,6,3,2,,,,,,,,
1016,19,Uttarārcika,6,6,3,2,,,,,,,,
1017,19,Uttarārcika,6,6,3,2,,,,,,,,
1018,19,Uttarārcika,6,6,3,2,,,,,,,,
1019,20,Uttarārcika,6,6,3,2,,,,,,,,
1020,20,Uttarārcika,6,6,3,2,,,,,,,,
1021,20,Uttarārcika,6,6,3,2,,,,,,,,
1022,21,Uttarārcika,6,7,3,2,,,,,,,,
1023,21,Uttarārcika,6,7,3,2,,,,,,,,
1024,21,Uttarārcika,6,7,3,2,,,,,,,,
1025,22,Uttarārcika,6,7,3,2,,,,,,,,
1026,22,Uttarārcika,6,7,3,2,,,,,,,,
1027,22,Uttarārcika,6,7,3,2,,,,,,,,
1028,23,Uttarārcika,6,7,3,2,,,,,,,,
1029,23,Uttarārcika,6,7,3,2,,,,,,,,
1030,23,Uttarārcika,6,7,3,2,,,,,,,,
1031,1,Uttarārcika,7,1,4,1,,,,,,,,
1032,1,Uttarārcika,7,1,4,1,,,,,,,,
1033,1,Uttarārcika,7,1,4,1,,,,,,,,
1034,2,Uttarārcika,7,1,4,1,,,,,,,,
1035,2,Uttarārcika,7,1,4,1,,,,,,,,
1036,2,Uttarārcika,7,1,4,1,,,,,,,,
1037,3,Uttarārcika,7,1,4,1,,,,,,,,
1038,3,Uttarārcika,7,1,4,1,,,,,,,,
1039,3,Uttarārcika,7,1,4,1,,,,,,,,
1040,3,Uttarārcika,7,1,4,1,,,,,,,,
1041,3,Uttarārcika,7,1,4,1,,,,,,,,
1042,3,Uttarārcika,7,1,4,1,,,,,,,,
1043,3,Uttarārcika,7,1,4,1,,,,,,,,
1044,3,Uttarārcika,7,1,4,1,,,,,,,,
1045,3,Uttarārcika,7,1,4,1,,,,,,,,
1046,3,Uttarārcika,7,1,4,1,,,,,,,,
1047,4,Uttarārcika,7,2,4,1,,,,,,,,
1048,4,Uttarārcika,7,2,4,1,,,,,,,,
1049,4,Uttarārcika,7,2,4,1,,,,,,,,
1050,4,Uttarārcika,7,2,4,1,,,,,,,,
1051,4,Uttarārcika,7,2,4,1,,,,,,,,
1052,4,Uttarārcika,7,2,4,1,,,,,,,,
1053,4,Uttarārcika,7,2,4,1,,,,,,,,
1054,4,Uttarārcika,7,2,4,1,,,,,,,,
1055,4,Uttarārcika,7,2,4,1,,,,,,,,
1056,4,Uttarārcika,7,2,4,1,,,,,,,,
1057,5,Uttarārcika,7,2,4,1,,,,,,,,
1058,5,Uttarārcika,7,2,4,1,,,,,,,,
1059,5,Uttarārcika,7,2,4,1,,,,,,,,
1060,5,Uttarārcika,7,2,4,1,,,,,,,,
1061,6,Uttarārcika,7,2,4,1,,,,,,,,
1062,6,Uttarārcika,7,2,4,1,,,,,,,,
1063,6,Uttarārcika,7,2,4,1,,,,,,,,
1064,7,Uttarārcika,7,2,4,1,,,,,,,,
1065,7,Uttarārcika,7,2,4,1,,,,,,,,
1066,7,Uttarārcika,7,2,4,1,,,,,,,,
1067,8,Uttarārcika,7,3,4,1,,,,,,,,
1068,8,Uttarārcika,7,3,4,1,,,,,,,,
1069,8,Uttarārcika,7,3,4,1,,,,,,,,
1070,9,Uttarārcika,7,3,4,1,,,,,,,,
1071,9,Uttarārcika,7,3,4,1,,,,,,,,
1072,9,Uttarārcika,7,3,4,1,,,,,,,,
1073,10,Uttarārcika,7,3,4,1,,,,,,,,
1074,10,Uttarārcika,7,3,4,1,,,,,,,,
1075,10,Uttarārcika,7,3,4,1,,,,,,,,
1076,11,Uttarārcika,7,4,4,1,,,,,,,,
1077,11,Uttarārcika,7,4,4,1,,,,,,,,
1078,11,Uttarārcika,7,4,4,1,,,,,,,,
1079,12,Uttarārcika,7,4,4,1,,,,,,,,
1080,12,Uttarārcika,7,4,4,1,,,,,,,,
1081,13,Uttarārcika,7,4,4,1,,,,,,,,
1082,13,Uttarārcika,7,4,4,1,,,,,,,,
1083,13,Uttarārcika,7,4,4,1,,,,,,,,
1084,14,Uttarārcika,7,5,4,1,,,,,,,,
1085,14,Uttarārcika,7,5,4,1,,,,,,,,
1086,14,Uttarārcika,7,5,4,1,,,,,,,,
1087,15,Uttarārcika,7,5,4,1,,,,,,,,
1088,15,Uttarārcika,7,5,4,1,,,,,,,,
1089,15,Uttarārcika,7,5,4,1,,,,,,,,
1090,16,Uttarārcika,7,5,4,1,,,,,,,,
1091,16,Uttarārcika,7,5,4,1,,,,,,,,
1092,16,Uttarārcika,7,5,4,1,,,,,,,,
1093,17,Uttarārcika,7,6,4,1,,,,,,,,
1094,17,Uttarārcika,7,6,4,1,,,,,,,,
1095,17,Uttarārcika,7,6,4,1,,,,,,,,
1096,18,Uttarārcika,7,6,4,1,,,,,,,,
1097,18,Uttarārcika,7,6,4,1,,,,,,,,
1098,19,Uttarārcika,7,6,4,1,,,,,,,,
1099,19,Uttarārcika,7,6,4,1,,,,,,,,
1100,19,Uttarārcika,7,6,4,1,,,,,,,,
1101,20,Uttarārcika,7,6,4,1,,,,,,,,
1102,20,Uttarārcika,7,6,4,1,,,,,,,,
1103,20,Uttarārcika,7,6,4,1,,,,,,,,
1104,21,Uttarārcika,7,6,4,1,,,,,,,,
1105,21,Uttarārcika,7,6,4,1,,,,,,,,
1106,21,Uttarārcika,7,6,4,1,,,,,,,,
1107,22,Uttarārcika,7,7,4,1,,,,,,,,
1108,22,Uttarārcika,7,7,4,1,,,,,,,,
1109,22,Uttarārcika,7,7,4,1,,,,,,,,
1110,23,Uttarārcika,7,7,4,1,,,,,,,,
1111,23,Uttarārcika,7,7,4,1,,,,,,,,
1112,23,Uttarārcika,7,7,4,1,,,,,,,,
1113,24,Uttarārcika,7,7,4,1,,,,,,,,
1114,24,Uttarārcika,7,7,4,1,,,,,,,,
1115,24,Uttarārcika,7,7,4,1,,,,,,,,
1116,1,Uttarārcika,8,1,4,2,,,,,,,,
1117,1,Uttarārcika,8,1,4,2,,,,,,,,
1118,1,Uttarārcika,8,1,4,2,,,,,,,,
1119,1,Uttarārcika,8,1,4,2,,,,,,,,
1120,1,Uttarārcika,8,1,4,2,,,,,,,,
1121,1,Uttarārcika,8,1,4,2,,,,,,,,
1122,1,Uttarārcika,8,1,4,2,,,,,,,,
1123,1,Uttarārcika,8,1,4,2,,,,,,,,
1124,1,Uttarārcika,8,1,4,2,,,,,,,,
1125,1,Uttarārcika,8,1,4,2,,,,,,,,
1126,1,Uttarārcika,8,1,4,2,,,,,,,,
1127,1,Uttarārcika,8,1,4,2,,,,,,,,
1128,2,Uttarārcika,8,2,4,2,,,,,,,,
1129,2,Uttarārcika,8,2,4,2,,,,,,,,
1130,2,Uttarārcika,8,2,4,2,,,,,,,,
1131,2,Uttarārcika,8,2,4,2,,,,,,,,
1132,2,Uttarārcika,8,2,4,2,,,,,,,,
1133,2,Uttarārcika,8,2,4,2,,,,,,,,
1134,2,Uttarārcika,8,2,4,2,,,,,,,,
1135,2,Uttarārcika,8,2,4,2,,,,,,,,
1136,2,Uttarārcika,8,2,4,2,,,,,,,,
1137,2,Uttarārcika,8,2,4,2,,,,,,,,
1138,2,Uttarārcika,8,2,4,2,,,,,,,,
1139,2,Uttarārcika,8,2,4,2,,,,,,,,
1140,3,Uttarārcika,8,3,4,2,,,,,,,,
1141,3,Uttarārcika,8,3,4,2,,,,,,,,
1142,3,Uttarārcika,8,3,4,2,,,,,,,,
1143,4,Uttarārcika,8,3,4,2,,,,,,,,
1144,4,Uttarārcika,8,3,4,2,,,,,,,,
1145,4,Uttarārcika,8,3,4,2,,,,,,,,
1146,5,Uttarārcika,8,3,4,2,,,,,,,,
1147,5,Uttarārcika,8,3,4,2,,,,,,,,
1148,5,Uttarārcika,8,3,4,2,,,,,,,,
1149,6,Uttarārcika,8,3,4,2,,,,,,,,
1150,6,Uttarārcika,8,3,4,2,,,,,,,,
1151,6,Uttarārcika,8,3,4,2,,,,,,,,
1152,7,Uttarārcika,8,4,4,2,,,,,,,,
1153,7,Uttarārcika,8,4,4,2,,,,,,,,
1154,7,Uttarārcika,8,4,4,2,,,,,,,,
1155,8,Uttarārcika,8,4,4,2,,,,,,,,
1156,8,Uttarārcika,8,4,4,2,,,,,,,,
1157,9,Uttarārcika,8,5,4,2,,,,,,,,
1158,9,Uttarārcika,8,5,4,2,,,,,,,,
1159,9,Uttarārcika,8,5,4,2,,,,,,,,
1160,10,Uttarārcika,8,5,4,2,,,,,,,,
1161,10,Uttarārcika,8,5,4,2,,,,,,,,
1162,10,Uttarārcika,8,5,4,2,,,,,,,,
1163,11,Uttarārcika,8,5,4,2,,,,,,,,
1164,11,Uttarārcika,8,5,4,2,,,,,,,,
1165,11,Uttarārcika,8,5,4,2,,,,,,,,
1166,12,Uttarārcika,8,6,4,2,,,,,,,,
1167,12,Uttarārcika,8,6,4,2,,,,,,,,
1168,12,Uttarārcika,8,6,4,2,,,,,,,,
1169,13,Uttarārcika,8,6,4,2,,,,,,,,
1170,13,Uttarārcika,8,6,4,2,,,,,,,,
1171,13,Uttarārcika,8,6,4,2,,,,,,,,
1172,14,Uttarārcika,8,6,4,2,,,,,,,,
1173,14,Uttarārcika,8,6,4,2,,,,,,,,
1174,14,Uttarārcika,8,6,4,2,,,,,,,,
1175,1,Uttarārcika,9,1,5,1,,,,,,,,
1176,1,Uttarārcika,9,1,5,1,,,,,,,,
1177,1,Uttarārcika,9,1,5,1,,,,,,,,
1178,2,Uttarārcika,9,1,5,1,,,,,,,,
1179,2,Uttarārcika,9,1,5,1,,,,,,,,
1180,2,Uttarārcika,9,1,5,1,,,,,,,,
1181,2,Uttarārcika,9,1,5,1,,,,,,,,
1182,2,Uttarārcika,9,1,5,1,,,,,,,,
1183,2,Uttarārcika,9,1,5,1,,,,,,,,
1184,2,Uttarārcika,9,1,5,1,,,,,,,,
1185,2,Uttarārcika,9,1,5,1,,,,,,,,
1186,2,Uttarārcika,9,1,5,1,,,,,,,,
1187,3,Uttarārcika,9,2,5,1,,,,,,,,
1188,3,Uttarārcika,9,2,5,1,,,,,,,,
1189,3,Uttarārcika,9,2,5,1,,,,,,,,
1190,3,Uttarārcika,9,2,5,1,,,,,,,,
1191,3,Uttarārcika,9,2,5,1,,,,,,,,
1192,3,Uttarārcika,9,2,5,1,,,,,,,,
1193,3,Uttarārcika,9,2,5,1,,,,,,,,
1194,3,Uttarārcika,9,2,5,1,,,,,,,,
1195,3,Uttarārcika,9,2,5,1,,,,,,,,
1196,4,Uttarārcika,9,3,5,1,,,,,,,,
1197,4,Uttarārcika,9,3,5,1,,,,,,,,
1198,4,Uttarārcika,9,3,5,1,,,,,,,,
1199,4,Uttarārcika,9,3,5,1,,,,,,,,
1200,4,Uttarārcika,9,3,5,1,,,,,,,,
1201,4,Uttarārcika,9,3,5,1,,,,,,,,
1202,4,Uttarārcika,9,3,5,1,,,,,,,,
1203,4,Uttarārcika,9,3,5,1,,,,,,,,
1204,4,Uttarārcika,9,3,5,1,,,,,,,,
1205,5,Uttarārcika,9,4,5,1,,,,,,,,
1206,5,Uttarārcika,9,4,5,1,,,,,,,,
1207,5,Uttarārcika,9,4,5,1,,,,,,,,
1208,5,Uttarārcika,9,4,5,1,,,,,,,,
1209,5,Uttarārcika,9,4,5,1,,,,,,,,
1210,6,Uttarārcika,9,5,5,1,,,,,,,,
1211,6,Uttarārcika,9,5,5,1,,,,,,,,
1212,6,Uttarārcika,9,5,5,1,,,,,,,,
1213,7,Uttarārcika,9,5,5,1,,,,,,,,
1214,7,Uttarārcika,9,5,5,1,,,,,,,,
1215,7,Uttarārcika,9,5,5,1,,,,,,,,
1216,8,Uttarārcika,9,5,5,1,,,,,,,,
1217,8,Uttarārcika,9,5,5,1,,,,,,,,
1218,8,Uttarārcika,9,5,5,1,,,,,,,,
1219,9,Uttarārcika,9,6,5,1,,,,,,,,
1220,9,Uttarārcika,9,6,5,1,,,,,,,,
1221,9,Uttarārcika,9,6,5,1,,,,,,,,
1222,10,Uttarārcika,9,6,5,1,,,,,,,,
1223,10,Uttarārcika,9,6,5,1,,,,,,,,
1224,10,Uttarārcika,9,6,5,1,,,,,,,,
1225,11,Uttarārcika,9,7,5,1,,,,,,,,
1226,11,Uttarārcika,9,7,5,1,,,,,,,,
1227,11,Uttarārcika,9,7,5,1,,,,,,,,
1228,12,Uttarārcika,9,7,5,1,,,,,,,,
1229,12,Uttarārcika,9,7,5,1,,,,,,,,
1230,12,Uttarārcika,9,7,5,1,,,,,,,,
1231,13,Uttarārcika,9,7,5,1,,,,,,,,
1232,13,Uttarārcika,9,7,5,1,,,,,,,,
1233,14,Uttarārcika,9,7,5,1,,,,,,,,
1234,14,Uttarārcika,9,7,5,1,,,,,,,,
1235,15,Uttarārcika,9,8,5,1,,,,,,,,
1236,15,Uttarārcika,9,8,5,1,,,,,,,,
1237,15,Uttarārcika,9,8,5,1,,,,,,,,
1238,16,Uttarārcika,9,8,5,1,,,,,,,,
1239,16,Uttarārcika,9,8,5,1,,,,,,,,
1240,16,Uttarārcika,9,8,5,1,,,,,,,,
1241,17,Uttarārcika,9,8,5,1,,,,,,,,
1242,17,Uttarārcika,9,8,5,1,,,,,,,,
1243,17,Uttarārcika,9,8,5,1,,,,,,,,
1244,18,Uttarārcika,9,9,5,1,,,,,,,,
1245,18,Uttarārcika,9,9,5,1,,,,,,,,
1246,18,Uttarārcika,9,9,5,1,,,,,,,,
1247,19,Uttarārcika,9,9,5,1,,,,,,,,
1248,19,Uttarārcika,9,9,5,1,,,,,,,,
1249,19,Uttarārcika,9,9,5,1,,,,,,,,
1250,20,Uttarārcika,9,9,5,1,,,,,,,,
1251,20,Uttarārcika,9,9,5,1,,,,,,,,
1252,20,Uttarārcika,9,9,5,1,,,,,,,,
1253,1,Uttarārcika,10,1,5,2,,,,,,,,
1254,1,Uttarārcika,10,1,5,2,,,,,,,,
1255,1,Uttarārcika,10,1,5,2,,,,,,,,
1256,2,Uttarārcika,10,1,5,2,,,,,,,,
1257,2,Uttarārcika,10,1,5,2,,,,,,,,
1258,2,Uttarārcika,10,1,5,2,,,,,,,,
1259,2,Uttarārcika,10,1,5,2,,,,,,,,
1260,2,Uttarārcika,10,1,5,2,,,,,,,,
1261,2,Uttarārcika,10,1,5,2,,,,,,,,
1262,2,Uttarārcika,10,1,5,2,,,,,,,,
1263,2,Uttarārcika,10,1,5,2,,,,,,,,
1264,2,Uttarārcika,10,1,5,2,,,,,,,,
1265,2,Uttarārcika,10,1,5,2,,,,,,,,
1266,3,Uttarārcika,10,2,5,2,,,,,,,,
1267,3,Uttarārcika,10,2,5,2,,,,,,,,
1268,3,Uttarārcika,10,2,5,2,,,,,,,,
1269,3,Uttarārcika,10,2,5,2,,,,,,,,
1270,3,Uttarārcika,10,2,5,2,,,,,,,,
1271,3,Uttarārcika,10,2,5,2,,,,,,,,
1272,3,Uttarārcika,10,2,5,2,,,,,,,,
1273,3,Uttarārcika,10,2,5,2,,,,,,,,
1274,4,Uttarārcika,10,3,5,2,,,,,,,,
1275,4,Uttarārcika,10,3,5,2,,,,,,,,
1276,4,Uttarārcika,10,3,5,2,,,,,,,,
1277,4,Uttarārcika,10,3,5,2,,,,,,,,
1278,4,Uttarārcika,10,3,5,2,,,,,,,,
1279,4,Uttarārcika,10,3,5,2,,,,,,,,
1280,5,Uttarārcika,10,4,5,2,,,,,,,,
1281,5,Uttarārcika,10,4,5,2,,,,,,,,
1282,5,Uttarārcika,10,4,5,2,,,,,,,,
1283,5,Uttarārcika,10,4,5,2,,,,,,,,
1284,5,Uttarārcika,10,4,5,2,,,,,,,,
1285,5,Uttarārcika,10,4,5,2,,,,,,,,
1286,6,Uttarārcika,10,5,5,2,,,,,,,,
1287,6,Uttarārcika,10,5,5,2,,,,,,,,
1288,6,Uttarārcika,10,5,5,2,,,,,,,,
1289,6,Uttarārcika,10,5,5,2,,,,,,,,
1290,6,Uttarārcika,10,5,5,2,,,,,,,,
1291,6,Uttarārcika,10,5,5,2,,,,,,,,
1292,7,Uttarārcika,10,6,5,2,,,,,,,,
1293,7,Uttarārcika,10,6,5,2,,,,,,,,
1294,7,Uttarārcika,10,6,5,2,,,,,,,,
1295,7,Uttarārcika,10,6,5,2,,,,,,,,
1296,7,Uttarārcika,10,6,5,2,,,,,,,,
1297,7,Uttarārcika,10,6,5,2,,,,,,,,
1298,8,Uttarārcika,10,7,5,2,,,,,,,,
1299,8,Uttarārcika,10,7,5,2,,,,,,,,
1300,8,Uttarārcika,10,7,5,2,,,,,,,,
1301,8,Uttarārcika,10,7,5,2,,,,,,,,
1302,8,Uttarārcika,10,7,5,2,,,,,,,,
1303,8,Uttarārcika,10,7,5,2,,,,,,,,
1304,9,Uttarārcika,10,8,5,2,,,,,,,,
1305,9,Uttarārcika,10,8,5,2,,,,,,,,
1306,9,Uttarārcika,10,8,5,2,,,,,,,,
1307,10,Uttarārcika,10,9,5,2,,,,,,,,
1308,10,Uttarārcika,10,9,5,2,,,,,,,,
1309,10,Uttarārcika,10,9,5,2,,,,,,,,
1310,11,Uttarārcika,10,9,5,2,,,,,,,,
1311,11,Uttarārcika,10,9,5,2,,,,,,,,
1312,11,Uttarārcika,10,9,5,2,,,,,,,,
1313,12,Uttarārcika,10,9,5,2,,,,,,,,
1314,12,Uttarārcika,10,9,5,2,,,,,,,,
1315,12,Uttarārcika,10,9,5,2,,,,,,,,
1316,13,Uttarārcika,10,9,5,2,,,,,,,,
1317,13,Uttarārcika,10,9,5,2,,,,,,,,
1318,13,Uttarārcika,10,9,5,2,,,,,,,,
1319,14,Uttarārcika,10,10,5,2,,,,,,,,
1320,14,Uttarārcika,10,10,5,2,,,,,,,,
1321,15,Uttarārcika,10,10,5,2,,,,,,,,
1322,15,Uttarārcika,10,10,5,2,,,,,,,,
1323,16,Uttarārcika,10,11,5,2,,,,,,,,
1324,16,Uttarārcika,10,11,5,2,,,,,,,,
1325,16,Uttarārcika,10,11,5,2,,,,,,,,
1326,17,Uttarārcika,10,11,5,2,,,,,,,,
1327,17,Uttarārcika,10,11,5,2,,,,,,,,
1328,17,Uttarārcika,10,11,5,2,,,,,,,,
1329,18,Uttarārcika,10,11,5,2,,,,,,,,
1330,18,Uttarārcika,10,11,5,2,,,,,,,,
1331,18,Uttarārcika,10,11,5,2,,,,,,,,
1332,19,Uttarārcika,10,11,5,2,,,,,,,,
1333,19,Uttarārcika,10,11,5,2,,,,,,,,
1334,19,Uttarārcika,10,11,5,2,,,,,,,,
1335,20,Uttarārcika,10,11,5,2,,,,,,,,
1336,20,Uttarārcika,10,11,5,2,,,,,,,,
1337,20,Uttarārcika,10,11,5,2,,,,,,,,
1338,21,Uttarārcika,10,12,5,2,,,,,,,,
1339,21,Uttarārcika,10,12,5,2,,,,,,,,
1340,21,Uttarārcika,10,12,5,2,,,,,,,,
1341,22,Uttarārcika,10,12,5,2,,,,,,,,
1342,22,Uttarārcika,10,12,5,2,,,,,,,,
1343,22,Uttarārcika,10,12,5,2,,,,,,,,
1344,23,Uttarārcika,10,12,5,2,,,,,,,,
1345,23,Uttarārcika,10,12,5,2,,,,,,,,
1346,23,Uttarārcika,10,12,5,2,,,,,,,,
1347,1,Uttarārcika,11,1,6,1,,,,,,,,
1348,1,Uttarārcika,11,1,6,1,,,,,,,,
1349,1,Uttarārcika,11,1,6,1,,,,,,,,
1350,1,Uttarārcika,11,1,6,1,,,,,,,,
1351,2,Uttarārcika,11,1,6,1,,,,,,,,
1352,2,Uttarārcika,11,1,6,1,,,,,,,,
1353,2,Uttarārcika,11,1,6,1,,,,,,,,
1354,3,Uttarārcika,11,1,6,1,,,,,,,,
1355,3,Uttarārcika,11,1,6,1,,,,,,,,
1356,3,Uttarārcika,11,1,6,1,,,,,,,,
1357,4,Uttarārcika,11,2,6,1,,,,,,,,
1358,4,Uttarārcika,11,2,6,1,,,,,,,,
1359,4,Uttarārcika,11,2,6,1,,,,,,,,
1360,5,Uttarārcika,11,2,6,1,,,,,,,,
1361,5,Uttarārcika,11,2,6,1,,,,,,,,
1362,6,Uttarārcika,11,2,6,1,,,,,,,,
1363,6,Uttarārcika,11,2,6,1,,,,,,,,
1364,7,Uttarārcika,11,2,6,1,,,,,,,,
1365,7,Uttarārcika,11,2,6,1,,,,,,,,
1366,7,Uttarārcika,11,2,6,1,,,,,,,,
1367,8,Uttarārcika,11,2,6,1,,,,,,,,
1368,8,Uttarārcika,11,2,6,1,,,,,,,,
1369,8,Uttarārcika,11,2,6,1,,,,,,,,
1370,9,Uttarārcika,11,3,6,1,,,,,,,,
1371,9,Uttarārcika,11,3,6,1,,,,,,,,
1372,9,Uttarārcika,11,3,6,1,,,,,,,,
1373,10,Uttarārcika,11,3,6,1,,,,,,,,
1374,10,Uttarārcika,11,3,6,1,,,,,,,,
1375,10,Uttarārcika,11,3,6,1,,,,,,,,
1376,11,Uttarārcika,11,3,6,1,,,,,,,,
1377,11,Uttarārcika,11,3,6,1,,,,,,,,
1378,11,Uttarārcika,11,3,6,1,,,,,,,,
1379,1,Uttarārcika,12,1,6,2,,,,,,,,
1380,1,Uttarārcika,12,1,6,2,,,,,,,,
1381,1,Uttarārcika,12,1,6,2,,,,,,,,
1382,1,Uttarārcika,12,1,6,2,,,,,,,,
1383,2,Uttarārcika,12,2,6,2,,,,,,,,
1384,2,Uttarārcika,12,2,6,2,,,,,,,,
1385,2,Uttarārcika,12,2,6,2,,,,,,,,
1386,3,Uttarārcika,12,2,6,2,,,,,,,,
1387,3,Uttarārcika,12,2,6,2,,,,,,,,
1388,3,Uttarārcika,12,2,6,2,,,,,,,,
1389,4,Uttarārcika,12,2,6,2,,,,,,,,
1390,4,Uttarārcika,12,2,6,2,,,,,,,,
1391,5,Uttarārcika,12,2,6,2,,,,,,,,
1392,5,Uttarārcika,12,2,6,2,,,,,,,,
1393,5,Uttarārcika,12,2,6,2,,,,,,,,
1394,6,Uttarārcika,12,2,6,2,,,,,,,,
1395,6,Uttarārcika,12,2,6,2,,,,,,,,
1396,7,Uttarārcika,12,3,6,2,,,,,,,,
1397,7,Uttarārcika,12,3,6,2,,,,,,,,
1398,7,Uttarārcika,12,3,6,2,,,,,,,,
1399,8,Uttarārcika,12,3,6,2,,,,,,,,
1400,8,Uttarārcika,12,3,6,2,,,,,,,,
1401,8,Uttarārcika,12,3,6,2,,,,,,,,
1402,9,Uttarārcika,12,3,6,2,,,,,,,,
1403,9,Uttarārcika,12,3,6,2,,,,,,,,
1404,9,Uttarārcika,12,3,6,2,,,,,,,,
1405,10,Uttarārcika,12,4,6,2,,,,,,,,
1406,10,Uttarārcika,12,4,6,2,,,,,,,,
1407,10,Uttarārcika,12,4,6,2,,,,,,,,
1408,11,Uttarārcika,12,4,6,2,,,,,,,,
1409,11,Uttarārcika,12,4,6,2,,,,,,,,
1410,11,Uttarārcika,12,4,6,2,,,,,,,,
1411,12,Uttarārcika,12,4,6,2,,,,,,,,
1412,12,Uttarārcika,12,4,6,2,,,,,,,,
1413,13,Uttarārcika,12,4,6,2,,,,,,,,
1414,13,Uttarārcika,12,4,6,2,,,,,,,,
1415,14,Uttarārcika,12,5,6,2,,,,,,,,
1416,14,Uttarārcika,12,5,6,2,,,,,,,,
1417,14,Uttarārcika,12,5,6,2,,,,,,,,
1418,15,Uttarārcika,12,5,6,2,,,,,,,,
1419,15,Uttarārcika,12,5,6,2,,,,,,,,
1420,15,Uttarārcika,12,5,6,2,,,,,,,,
1421,16,Uttarārcika,12,5,6,2,,,,,,,,
1422,16,Uttarārcika,12,5,6,2,,,,,,,,
1423,17,Uttarārcika,12,5,6,2,,,,,,,,
1424,17,Uttarārcika,12,5,6,2,,,,,,,,
1425,17,Uttarārcika,12,5,6,2,,,,,,,,
1426,18,Uttarārcika,12,6,6,2,,,,,,,,
1427,18,Uttarārcika,12,6,6,2,,,,,,,,
1428,18,Uttarārcika,12,6,6,2,,,,,,,,
1429,19,Uttarārcika,12,6,6,2,,,,,,,,
1430,19,Uttarārcika,12,6,6,2,,,,,,,,
1431,19,Uttarārcika,12,6,6,2,,,,,,,,
1432,20,Uttarārcika,12,6,6,2,,,,,,,,
1433,20,Uttarārcika,12,6,6,2,,,,,,,,
1434,20,Uttarārcika,12,6,6,2,,,,,,,,
1435,1,Uttarārcika,13,1,6,3,,,,,,,,
1436,1,Uttarārcika,13,1,6,3,,,,,,,,
1437,1,Uttarārcika,13,1,6,3,,,,,,,,
1438,1,Uttarārcika,13,1,6,3,,,,,,,,
1439,1,Uttarārcika,13,1,6,3,,,,,,,,
1440,2,Uttarārcika,13,1,6,3,,,,,,,,
1441,2,Uttarārcika,13,1,6,3,,,,,,,,
1442,2,Uttarārcika,13,1,6,3,,,,,,,,
1443,2,Uttarārcika,13,1,6,3,,,,,,,,
1444,3,Uttarārcika,13,2,6,3,,,,,,,,
1445,3,Uttarārcika,13,2,6,3,,,,,,,,
1446,3,Uttarārcika,13,2,6,3,,,,,,,,
1447,3,Uttarārcika,13,2,6,3,,,,,,,,
1448,3,Uttarārcika,13,2,6,3,,,,,,,,
1449,3,Uttarārcika,13,2,6,3,,,,,,,,
1450,4,Uttarārcika,13,2,6,3,,,,,,,,
1451,4,Uttarārcika,13,2,6,3,,,,,,,,
1452,4,Uttarārcika,13,2,6,3,,,,,,,,
1453,5,Uttarārcika,13,3,6,3,,,,,,,,
1454,5,Uttarārcika,13,3,6,3,,,,,,,,
1455,5,Uttarārcika,13,3,6,3,,,,,,,,
1456,6,Uttarārcika,13,3,6,3,,,,,,,,
1457,6,Uttarārcika,13,3,6,3,,,,,,,,
1458,7,Uttarārcika,13,3,6,3,,,,,,,,
1459,7,Uttarārcika,13,3,6,3,,,,,,,,
1460,8,Uttarārcika,13,4,6,3,,,,,,,,
1461,9,Uttarārcika,13,4,6,3,,,,,,,,
1462,10,Uttarārcika,13,4,6,3,,,,,,,,
1463,10,Uttarārcika,13,4,6,3,,,,,,,,
1464,10,Uttarārcika,13,4,6,3,,,,,,,,
1465,11,Uttarārcika,13,4,6,3,,,,,,,,
1466,11,Uttarārcika,13,4,6,3,,,,,,,,
1467,11,Uttarārcika,13,4,6,3,,,,,,,,
1468,12,Uttarārcika,13,4,6,3,,,,,,,,
1469,12,Uttarārcika,13,4,6,3,,,,,,,,
1470,12,Uttarārcika,13,4,6,3,,,,,,,,
1471,13,Uttarārcika,13,5,6,3,,,,,,,,
1472,13,Uttarārcika,13,5,6,3,,,,,,,,
1473,13,Uttarārcika,13,5,6,3,,,,,,,,
1474,14,Uttarārcika,13,5,6,3,,,,,,,,
1475,14,Uttarārcika,13,5,6,3,,,,,,,,
1476,14,Uttarārcika,13,5,6,3,,,,,,,,
1477,15,Uttarārcika,13,5,6,3,,,,,,,,
1478,15,Uttarārcika,13,5,6,3,,,,,,,,
1479,15,Uttarārcika,13,5,6,3,,,,,,,,
1480,16,Uttarārcika,13,6,6,3,,,,,,,,
1481,16,Uttarārcika,13,6,6,3,,,,,,,,
1482,16,Uttarārcika,13,6,6,3,,,,,,,,
1483,17,Uttarārcika,13,6,6,3,,,,,,,,
1484,17,Uttarārcika,13,6,6,3,,,,,,,,
1485,17,Uttarārcika,13,6,6,3,,,,,,,,
1486,18,Uttarārcika,13,6,6,3,,,,,,,,
1487,18,Uttarārcika,13,6,6,3,,,,,,,,
1488,18,Uttarārcika,13,6,6,3,,,,,,,,
1489,1,Uttarārcika,14,1,7,1,,,,,,,,
1490,1,Uttarārcika,14,1,7,1,,,,,,,,
1491,1,Uttarārcika,14,1,7,1,,,,,,,,
1492,2,Uttarārcika,14,1,7,1,,,,,,,,
1493,2,Uttarārcika,14,1,7,1,,,,,,,,
1494,3,Uttarārcika,14,1,7,1,,,,,,,,
1495,3,Uttarārcika,14,1,7,1,,,,,,,,
1496,3,Uttarārcika,14,1,7,1,,,,,,,,
1497,4,Uttarārcika,14,1,7,1,,,,,,,,
1498,4,Uttarārcika,14,1,7,1,,,,,,,,
1499,4,Uttarārcika,14,1,7,1,,,,,,,,
1500,5,Uttarārcika,14,1,7,1,,,,,,,,
1501,5,Uttarārcika,14,1,7,1,,,,,,,,
1502,5,Uttarārcika,14,1,7,1,,,,,,,,
1503,6,Uttarārcika,14,2,7,1,,,,,,,,
1504,6,Uttarārcika,14,2,7,1,,,,,,,,
1505,6,Uttarārcika,14,2,7,1,,,,,,,,
1506,7,Uttarārcika,14,2,7,1,,,,,,,,
1507,7,Uttarārcika,14,2,7,1,,,,,,,,
1508,7,Uttarārcika,14,2,7,1,,,,,,,,
1509,8,Uttarārcika,14,2,7,1,,,,,,,,
1510,8,Uttarārcika,14,2,7,1,,,,,,,,
1511,8,Uttarārcika,14,2,7,1,,,,,,,,
1512,9,Uttarārcika,14,2,7,1,,,,,,,,
1513,10,Uttarārcika,14,3,7,1,,,,,,,,
1514,10,Uttarārcika,14,3,7,1,,,,,,,,
1515,11,Uttarārcika,14,3,7,1,,,,,,,,
1516,11,Uttarārcika,14,3,7,1,,,,,,,,
1517,11,Uttarārcika,14,3,7,1,,,,,,,,
1518,12,Uttarārcika,14,3,7,1,,,,,,,,
1519,12,Uttarārcika,14,3,7,1,,,,,,,,
1520,12,Uttarārcika,14,3,7,1,,,,,,,,
1521,13,Uttarārcika,14,3,7,1,,,,,,,,
1522,13,Uttarārcika,14,3,7,1,,,,,,,,
1523,13,Uttarārcika,14,3,7,1,,,,,,,,
1524,14,Uttarārcika,14,4,7,1,,,,,,,,
1525,14,Uttarārcika,14,4,7,1,,,,,,,,
1526,14,Uttarārcika,14,4,7,1,,,,,,,,
1527,15,Uttarārcika,14,4,7,1,,,,,,,,
1528,15,Uttarārcika,14,4,7,1,,,,,,,,
1529,15,Uttarārcika,14,4,7,1,,,,,,,,
1530,15,Uttarārcika,14,4,7,1,,,,,,,,
1531,15,Uttarārcika,14,4,7,1,,,,,,,,
1532,16,Uttarārcika,14,4,7,1,,,,,,,,
1533,16,Uttarārcika,14,4,7,1,,,,,,,,
1534,16,Uttarārcika,14,4,7,1,,,,,,,,
1535,1,Uttarārcika,15,1,7,2,,,,,,,,
1536,1,Uttarārcika,15,1,7,2,,,,,,,,
1537,1,Uttarārcika,15,1,7,2,,,,,,,,
1538,2,Uttarārcika,15,1,7,2,,,,,,,,
1539,2,Uttarārcika,15,1,7,2,,,,,,,,
1540,2,Uttarārcika,15,1,7,2,,,,,,,,
1541,3,Uttarārcika,15,1,7,2,,,,,,,,
1542,3,Uttarārcika,15,1,7,2,,,,,,,,
1543,3,Uttarārcika,15,1,7,2,,,,,,,,
1544,4,Uttarārcika,15,1,7,2,,,,,,,,
1545,4,Uttarārcika,15,1,7,2,,,,,,,,
1546,5,Uttarārcika,15,2,7,2,,,,,,,,
1547,5,Uttarārcika,15,2,7,2,,,,,,,,
1548,5,Uttarārcika,15,2,7,2,,,,,,,,
1549,6,Uttarārcika,15,2,7,2,,,,,,,,
1550,6,Uttarārcika,15,2,7,2,,,,,,,,
1551,6,Uttarārcika,15,2,7,2,,,,,,,,
1552,7,Uttarārcika,15,2,7,2,,,,,,,,
1553,7,Uttarārcika,15,2,7,2,,,,,,,,
1554,8,Uttarārcika,15,2,7,2,,,,,,,,
1555,8,Uttarārcika,15,2,7,2,,,,,,,,
1556,9,Uttarārcika,15,3,7,2,,,,,,,,
1557,9,Uttarārcika,15,3,7,2,,,,,,,,
1558,9,Uttarārcika,15,3,7,2,,,,,,,,
1559,10,Uttarārcika,15,3,7,2,,,,,,,,
1560,10,Uttarārcika,15,3,7,2,,,,,,,,
1561,11,Uttarārcika,15,3,7,2,,,,,,,,
1562,11,Uttarārcika,15,3,7,2,,,,,,,,
1563,11,Uttarārcika,15,3,7,2,,,,,,,,
1564,12,Uttarārcika,15,4,7,2,,,,,,,,
1565,12,Uttarārcika,15,4,7,2,,,,,,,,
1566,12,Uttarārcika,15,4,7,2,,,,,,,,
1567,13,Uttarārcika,15,4,7,2,,,,,,,,
1568,13,Uttarārcika,15,4,7,2,,,,,,,,
1569,13,Uttarārcika,15,4,7,2,,,,,,,,
1570,14,Uttarārcika,15,4,7,2,,,,,,,,
1571,14,Uttarārcika,15,4,7,2,,,,,,,,
1572,14,Uttarārcika,15,4,7,2,,,,,,,,
1573,1,Uttarārcika,16,1,7,3,,,,,,,,
1574,1,Uttarārcika,16,1,7,3,,,,,,,,
1575,2,Uttarārcika,16,1,7,3,,,,,,,,
1576,2,Uttarārcika,16,1,7,3,,,,,,,,
1577,2,Uttarārcika,16,1,7,3,,,,,,,,
1578,2,Uttarārcika,16,1,7,3,,,,,,,,
1579,3,Uttarārcika,16,1,7,3,,,,,,,,
1580,3,Uttarārcika,16,1,7,3,,,,,,,,
1581,4,Uttarārcika,16,1,7,3,,,,,,,,
1582,4,Uttarārcika,16,1,7,3,,,,,,,,
1583,5,Uttarārcika,16,1,7,3,,,,,,,,
1584,5,Uttarārcika,16,1,7,3,,,,,,,,
1585,6,Uttarārcika,16,2,7,3,,,,,,,,
1586,7,Uttarārcika,16,2,7,3,,,,,,,,
1587,8,Uttarārcika,16,2,7,3,,,,,,,,
1588,8,Uttarārcika,16,2,7,3,,,,,,,,
1589,9,Uttarārcika,16,2,7,3,,,,,,,,
1590,10,Uttarārcika,16,2,7,3,,,,,,,,
1591,10,Uttarārcika,16,2,7,3,,,,,,,,
1592,10,Uttarārcika,16,2,7,3,,,,,,,,
1593,11,Uttarārcika,16,3,7,3,,,,,,,,
1594,12,Uttarārcika,16,3,7,3,,,,,,,,
1595,13,Uttarārcika,16,3,7,3,,,,,,,,
1596,14,Uttarārcika,16,3,7,3,,,,,,,,
1597,14,Uttarārcika,16,3,7,3,,,,,,,,
1598,14,Uttarārcika,16,3,7,3,,,,,,,,
1599,15,Uttarārcika,16,3,7,3,,,,,,,,
1600,15,Uttarārcika,16,3,7,3,,,,,,,,
1601,15,Uttarārcika,16,3,7,3,,,,,,,,
1602,16,Uttarārcika,16,3,7,3,,,,,,,,
1603,16,Uttarārcika,16,3,7,3,,,,,,,,
1604,16,Uttarārcika,16,3,7,3,,,,,,,,
1605,17,Uttarārcika,16,4,7,3,,,,,,,,
1606,17,Uttarārcika,16,4,7,3,,,,,,,,
1607,18,Uttarārcika,16,4,7,3,,,,,,,,
1608,18,Uttarārcika,16,4,7,3,,,,,,,,
1609,19,Uttarārcika,16,4,7,3,,,,,,,,
1610,19,Uttarārcika,16,4,7,3,,,,,,,,
1611,20,Uttarārcika,16,4,7,3,,,,,,,,
1612,20,Uttarārcika,16,4,7,3,,,,,,,,
1613,20,Uttarārcika,16,4,7,3,,,,,,,,
1614,21,Uttarārcika,16,4,7,3,,,,,,,,
1615,21,Uttarārcika,16,4,7,3,,,,,,,,
1616,21,Uttarārcika,16,4,7,3,,,,,,,,
1617,1,Uttarārcika,17,1,8,1,,,,,,,,
1618,1,Uttarārcika,17,1,8,1,,,,,,,,
1619,1,Uttarārcika,17,1,8,1,,,,,,,,
1620,2,Uttarārcika,17,1,8,1,,,,,,,,
1621,2,Uttarārcika,17,1,8,1,,,,,,,,
1622,2,Uttarārcika,17,1,8,1,,,,,,,,
1623,3,Uttarārcika,17,1,8,1,,,,,,,,
1624,3,Uttarārcika,17,1,8,1,,,,,,,,
1625,4,Uttarārcika,17,1,8,1,,,,,,,,
1626,4,Uttarārcika,17,1,8,1,,,,,,,,
1627,4,Uttarārcika,17,1,8,1,,,,,,,,
1628,5,Uttarārcika,17,2,8,1,,,,,,,,
1629,5,Uttarārcika,17,2,8,1,,,,,,,,
1630,5,Uttarārcika,17,2,8,1,,,,,,,,
1631,6,Uttarārcika,17,2,8,1,,,,,,,,
1632,6,Uttarārcika,17,2,8,1,,,,,,,,
1633,6,Uttarārcika,17,2,8,1,,,,,,,,
1634,7,Uttarārcika,17,2,8,1,,,,,,,,
1635,7,Uttarārcika,17,2,8,1,,,,,,,,
1636,7,Uttarārcika,17,2,8,1,,,,,,,,
1637,8,Uttarārcika,17,2,8,1,,,,,,,,
1638,8,Uttarārcika,17,2,8,1,,,,,,,,
1639,9,Uttarārcika,17,3,8,1,,,,,,,,
1640,9,Uttarārcika,17,3,8,1,,,,,,,,
1641,9,Uttarārcika,17,3,8,1,,,,,,,,
1642,10,Uttarārcika,17,3,8,1,,,,,,,,
1643,10,Uttarārcika,17,3,8,1,,,,,,,,
1644,10,Uttarārcika,17,3,8,1,,,,,,,,
1645,11,Uttarārcika,17,3,8,1,,,,,,,,
1646,11,Uttarārcika,17,3,8,1,,,,,,,,
1647,11,Uttarārcika,17,3,8,1,,,,,,,,
1648,12,Uttarārcika,17,4,8,1,,,,,,,,
1649,12,Uttarārcika,17,4,8,1,,,,,,,,
1650,12,Uttarārcika,17,4,8,1,,,,,,,,
1651,13,Uttarārcika,17,4,8,1,,,,,,,,
1652,13,Uttarārcika,17,4,8,1,,,,,,,,
1653,13,Uttarārcika,17,4,8,1,,,,,,,,
1654,14,Uttarārcika,17,4,8,1,,,,,,,,
1655,14,Uttarārcika,17,4,8,1,,,,,,,,
1656,14,Uttarārcika,17,4,8,1,,,,,,,,
1657,1,Uttarārcika,18,1,8,2,,,,,,,,
1658,1,Uttarārcika,18,1,8,2,,,,,,,,
1659,1,Uttarārcika,18,1,8,2,,,,,,,,
1660,2,Uttarārcika,18,1,8,2,,,,,,,,
1661,2,Uttarārcika,18,1,8,2,,,,,,,,
1662,2,Uttarārcika,18,1,8,2,,,,,,,,
1663,3,Uttarārcika,18,1,8,2,,,,,,,,
1664,3,Uttarārcika,18,1,8,2,,,,,,,,
1665,3,Uttarārcika,18,1,8,2,,,,,,,,
1666,4,Uttarārcika,18,1,8,2,,,,,,,,
1667,4,Uttarārcika,18,1,8,2,,,,,,,,
1668,4,Uttarārcika,18,1,8,2,,,,,,,,
1669,5,Uttarārcika,18,2,8,2,,,,,,,,
1670,5,Uttarārcika,18,2,8,2,,,,,,,,
1671,5,Uttarārcika,18,2,8,2,,,,,,,,
1672,5,Uttarārcika,18,2,8,2,,,,,,,,
1673,5,Uttarārcika,18,2,8,2,,,,,,,,
1674,5,Uttarārcika,18,2,8,2,,,,,,,,
1675,6,Uttarārcika,18,2,8,2,,,,,,,,
1676,6,Uttarārcika,18,2,8,2,,,,,,,,
1677,7,Uttarārcika,18,2,8,2,,,,,,,,
1678,7,Uttarārcika,18,2,8,2,,,,,,,,
1679,8,Uttarārcika,18,2,8,2,,,,,,,,
1680,8,Uttarārcika,18,2,8,2,,,,,,,,
1681,8,Uttarārcika,18,2,8,2,,,,,,,,
1682,9,Uttarārcika,18,2,8,2,,,,,,,,
1683,9,Uttarārcika,18,2,8,2,,,,,,,,
1684,10,Uttarārcika,18,3,8,2,,,,,,,,
1685,10,Uttarārcika,18,3,8,2,,,,,,,,
1686,10,Uttarārcika,18,3,8,2,,,,,,,,
1687,11,Uttarārcika,18,3,8,2,,,,,,,,
1688,11,Uttarārcika,18,3,8,2,,,,,,,,
1689,12,Uttarārcika,18,3,8,2,,,,,,,,
1690,12,Uttarārcika,18,3,8,2,,,,,,,,
1691,13,Uttarārcika,18,3,8,2,,,,,,,,
1692,13,Uttarārcika,18,3,8,2,,,,,,,,
1693,14,Uttarārcika,18,3,8,2,,,,,,,,
1694,14,Uttarārcika,18,3,8,2,,,,,,,,
1695,14,Uttarārcika,18,3,8,2,,,,,,,,
1696,15,Uttarārcika,18,3,8,2,,,,,,,,
1697,15,Uttarārcika,18,3,8,2,,,,,,,,
1698,15,Uttarārcika,18,3,8,2,,,,,,,,
1699,16,Uttarārcika,18,4,8,2,,,,,,,,
1700,16,Uttarārcika,18,4,8,2,,,,,,,,
1701,16,Uttarārcika,18,4,8,2,,,,,,,,
1702,17,Uttarārcika,18,4,8,2,,,,,,,,
1703,17,Uttarārcika,18,4,8,2,,,,,,,,
1704,17,Uttarārcika,18,4,8,2,,,,,,,,
1705,18,Uttarārcika,18,4,8,2,,,,,,,,
1706,18,Uttarārcika,18,4,8,2,,,,,,,,
1707,18,Uttarārcika,18,4,8,2,,,,,,,,
1708,19,Uttarārcika,18,4,8,2,,,,,,,,
1709,19,Uttarārcika,18,4,8,2,,,,,,,,
1710,19,Uttarārcika,18,4,8,2,,,,,,,,
1711,1,Uttarārcika,19,1,8,3,,,,,,,,
1712,1,Uttarārcika,19,1,8,3,,,,,,,,
1713,1,Uttarārcika,19,1,8,3,,,,,,,,
1714,2,Uttarārcika,19,1,8,3,,,,,,,,
1715,2,Uttarārcika,19,1,8,3,,,,,,,,
1716,2,Uttarārcika,19,1,8,3,,,,,,,,
1717,2,Uttarārcika,19,1,8,3,,,,,,,,
1718,3,Uttarārcika,19,1,8,3,,,,,,,,
1719,3,Uttarārcika,19,1,8,3,,,,,,,,
1720,3,Uttarārcika,19,1,8,3,,,,,,,,
1721,4,Uttarārcika,19,1,8,3,,,,,,,,
1722,4,Uttarārcika,19,1,8,3,,,,,,,,
1723,5,Uttarārcika,19,1,8,3,,,,,,,,
1724,5,Uttarārcika,19,1,8,3,,,,,,,,
1725,6,Uttarārcika,19,2,8,3,,,,,,,,
1726,6,Uttarārcika,19,2,8,3,,,,,,,,
1727,6,Uttarārcika,19,2,8,3,,,,,,,,
1728,7,Uttarārcika,19,2,8,3,,,,,,,,
1729,7,Uttarārcika,19,2,8,3,,,,,,,,
1730,7,Uttarārcika,19,2,8,3,,,,,,,,
1731,8,Uttarārcika,19,2,8,3,,,,,,,,
1732,8,Uttarārcika,19,2,8,3,,,,,,,,
1733,8,Uttarārcika,19,2,8,3,,,,,,,,
1734,9,Uttarārcika,19,2,8,3,,,,,,,,
1735,9,Uttarārcika,19,2,8,3,,,,,,,,
1736,9,Uttarārcika,19,2,8,3,,,,,,,,
1737,10,Uttarārcika,19,3,8,3,,,,,,,,
1738,10,Uttarārcika,19,3,8,3,,,,,,,,
1739,10,Uttarārcika,19,3,8,3,,,,,,,,
1740,11,Uttarārcika,19,3,8,3,,,,,,,,
1741,11,Uttarārcika,19,3,8,3,,,,,,,,
1742,11,Uttarārcika,19,3,8,3,,,,,,,,
1743,12,Uttarārcika,19,3,8,3,,,,,,,,
1744,12,Uttarārcika,19,3,8,3,,,,,,,,
1745,12,Uttarārcika,19,3,8,3,,,,,,,,
1746,13,Uttarārcika,19,4,8,3,,,,,,,,
1747,13,Uttarārcika,19,4,8,3,,,,,,,,
1748,13,Uttarārcika,19,4,8,3,,,,,,,,
1749,14,Uttarārcika,19,4,8,3,,,,,,,,
1750,14,Uttarārcika,19,4,8,3,,,,,,,,
1751,14,Uttarārcika,19,4,8,3,,,,,,,,
1752,15,Uttarārcika,19,4,8,3,,,,,,,,
1753,15,Uttarārcika,19,4,8,3,,,,,,,,
1754,15,Uttarārcika,19,4,8,3,,,,,,,,
1755,16,Uttarārcika,19,5,8,3,,,,,,,,
1756,16,Uttarārcika,19,5,8,3,,,,,,,,
1757,16,Uttarārcika,19,5,8,3,,,,,,,,
1758,17,Uttarārcika,19,5,8,3,,,,,,,,
1759,17,Uttarārcika,19,5,8,3,,,,,,,,
1760,17,Uttarārcika,19,5,8,3,,,,,,,,
1761,18,Uttarārcika,19,5,8,3,,,,,,,,
1762,18,Uttarārcika,19,5,8,3,,,,,,,,
1763,18,Uttarārcika,19,5,8,3,,,,,,,,
1764,18,Uttarārcika,19,5,8,3,,,,,,,,
1765,1,Uttarārcika,20,1,9,1,,,,,,,,
1766,1,Uttarārcika,20,1,9,1,,,,,,,,
1767,1,Uttarārcika,20,1,9,1,,,,,,,,
1768,2,Uttarārcika,20,1,9,1,,,,,,,,
1769,2,Uttarārcika,20,1,9,1,,,,,,,,
1770,2,Uttarārcika,20,1,9,1,,,,,,,,
1771,3,Uttarārcika,20,1,9,1,,,,,,,,
1772,3,Uttarārcika,20,1,9,1,,,,,,,,
1773,3,Uttarārcika,20,1,9,1,,,,,,,,
1774,4,Uttarārcika,20,1,9,1,,,,,,,,
1775,4,Uttarārcika,20,1,9,1,,,,,,,,
1776,4,Uttarārcika,20,1,9,1,,,,,,,,
1777,5,Uttarārcika,20,1,9,1,,,,,,,,
1778,5,Uttarārcika,20,1,9,1,,,,,,,,
1779,5,Uttarārcika,20,1,9,1,,,,,,,,
1780,6,Uttarārcika,20,2,9,1,,,,,,,,
1781,6,Uttarārcika,20,2,9,1,,,,,,,,
1782,7,Uttarārcika,20,2,9,1,,,,,,,,
1783,7,Uttarārcika,20,2,9,1,,,,,,,,
1784,7,Uttarārcika,20,2,9,1,,,,,,,,
1785,8,Uttarārcika,20,2,9,1,,,,,,,,
1786,8,Uttarārcika,20,2,9,1,,,,,,,,
1787,8,Uttarārcika,20,2,9,1,,,,,,,,
1788,9,Uttarārcika,20,2,9,1,,,,,,,,
1789,9,Uttarārcika,20,2,9,1,,,,,,,,
1790,10,Uttarārcika,20,3,9,1,,,,,,,,
1791,10,Uttarārcika,20,3,9,1,,,,,,,,
1792,10,Uttarārcika,20,3,9,1,,,,,,,,
1793,11,Uttarārcika,20,3,9,1,,,,,,,,
1794,11,Uttarārcika,20,3,9,1,,,,,,,,
1795,11,Uttarārcika,20,3,9,1,,,,,,,,
1796,12,Uttarārcika,20,3,9,1,,,,,,,,
1797,12,Uttarārcika,20,3,9,1,,,,,,,,
1798,13,Uttarārcika,20,3,9,1,,,,,,,,
1799,13,Uttarārcika,20,3,9,1,,,,,,,,
1800,13,Uttarārcika,20,3,9,1,,,,,,,,
1801,14,Uttarārcika,20,4,9,1,,,,,,,,
1802,14,Uttarārcika,20,4,9,1,,,,,,,,
1803,14,Uttarārcika,20,4,9,1,,,,,,,,
1804,15,Uttarārcika,20,4,9,1,,,,,,,,
1805,15,Uttarārcika,20,4,9,1,,,,,,,,
1806,15,Uttarārcika,20,4,9,1,,,,,,,,
1807,16,Uttarārcika,20,4,9,1,,,,,,,,
1808,16,Uttarārcika,20,4,9,1,,,,,,,,
1809,16,Uttarārcika,20,4,9,1,,,,,,,,
1810,17,Uttarārcika,20,4,9,1,,,,,,,,
1811,17,Uttarārcika,20,4,9,1,,,,,,,,
1812,17,Uttarārcika,20,4,9,1,,,,,,,,
1813,18,Uttarārcika,20,5,9,1,,,,,,,,
1814,18,Uttarārcika,20,5,9,1,,,,,,,,
1815,18,Uttarārcika,20,5,9,1,,,,,,,,
1816,1,Uttarārcika,20,5,9,2,,,,,,,,
1817,1,Uttarārcika,20,5,9,2,,,,,,,,
1818,1,Uttarārcika,20,5,9,2,,,,,,,,
1819,1,Uttarārcika,20,5,9,2,,,,,,,,
1820,1,Uttarārcika,20,5,9,2,,,,,,,,
1821,1,Uttarārcika,20,5,9,2,,,,,,,,
1822,2,Uttarārcika,20,6,9,2,,,,,,,,
1823,2,Uttarārcika,20,6,9,2,,,,,,,,
1824,3,Uttarārcika,20,6,9,2,,,,,,,,
1825,4,Uttarārcika,20,6,9,2,,,,,,,,
1826,5,Uttarārcika,20,6,9,2,,,,,,,,
1827,6,Uttarārcika,20,6,9,2,,,,,,,,
1828,7,Uttarārcika,20,6,9,2,,,,,,,,
1829,7,Uttarārcika,20,6,9,2,,,,,,,,
1830,7,Uttarārcika,20,6,9,2,,,,,,,,
1831,8,Uttarārcika,20,6,9,2,,,,,,,,
1832,8,Uttarārcika,20,6,9,2,,,,,,,,
1833,8,Uttarārcika,20,6,9,2,,,,,,,,
1834,9,Uttarārcika,20,7,9,2,,,,,,,,
1835,9,Uttarārcika,20,7,9,2,,,,,,,,
1836,9,Uttarārcika,20,7,9,2,,,,,,,,
1837,10,Uttarārcika,20,7,9,2,,,,,,,,
1838,10,Uttarārcika,20,7,9,2,,,,,,,,
1839,10,Uttarārcika,20,7,9,2,,,,,,,,
1840,11,Uttarārcika,20,7,9,2,,,,,,,,
1841,11,Uttarārcika,20,7,9,2,,,,,,,,
1842,11,Uttarārcika,20,7,9,2,,,,,,,,
1843,12,Uttarārcika,20,7,9,2,,,,,,,,
1844,12,Uttarārcika,20,7,9,2,,,,,,,,
1845,12,Uttarārcika,20,7,9,2,,,,,,,,
1846,13,Uttarārcika,20,7,9,2,,,,,,,,
1847,13,Uttarārcika,20,7,9,2,,,,,,,,
1848,13,Uttarārcika,20,7,9,2,,,,,,,,
1849,1,Uttarārcika,21,1,9,3,,,,,,,,
1850,1,Uttarārcika,21,1,9,3,,,,,,,,
1851,1,Uttarārcika,21,1,9,3,,,,,,,,
1852,2,Uttarārcika,21,1,9,3,,,,,,,,
1853,2,Uttarārcika,21,1,9,3,,,,,,,,
1854,2,Uttarārcika,21,1,9,3,,,,,,,,
1855,3,Uttarārcika,21,2,9,3,,,,,,,,
1856,3,Uttarārcika,21,2,9,3,,,,,,,,
1857,3,Uttarārcika,21,2,9,3,,,,,,,,
1858,4,Uttarārcika,21,3,9,3,,,,,,,,
1859,4,Uttarārcika,21,3,9,3,,,,,,,,
1860,4,Uttarārcika,21,3,9,3,,,,,,,,
1861,5,Uttarārcika,21,3,9,3,,,,,,,,
1862,5,Uttarārcika,21,3,9,3,,,,,,,,
1863,5,Uttarārcika,21,3,9,3,,,,,,,,
1864,6,Uttarārcika,21,4,9,3,,,,,,,,
1865,6,Uttarārcika,21,4,9,3,,,,,,,,
1866,6,Uttarārcika,21,4,9,3,,,,,,,,
1867,7,Uttarārcika,21,5,9,3,,,,,,,,
1868,7,Uttarārcika,21,5,9,3,,,,,,,,
1869,7,Uttarārcika,21,5,9,3,,,,,,,,
1870,8,Uttarārcika,21,5,9,3,,,,,,,,
1871,8,Uttarārcika,21,5,9,3,,,,,,,,
1872,8,Uttarārcika,21,5,9,3,,,,,,,,
1873,9,Uttarārcika,21,6,9,3,,,,,,,,
1874,9,Uttarārcika,21,6,9,3,,,,,,,,
1875,9,Uttarārcika,21,6,9,3,,,,,,,,
